app_id,app_roles,deletion_timestamp,group_membership_claims,id,identifier_uris,informational_urls,is_device_only_auth_supported,key_credentials,known_client_applications,logout_url,name,oauth2_permissions,object_type,optional_claims,password_credentials,pre_authorized_applications,public_client,publisher_domain,required_resource_access,sign_in_audience,www_homepage
806c3ffa-b487-4601-8c4b-8013d91738ca,[],null,null,00162148-5bc9-4057-bb4d-33652b0452d1,"[""https://sisportal-Dev-300940.campusnexus.cloud/CMCPortal/""]","{""logoUrl"":null,""marketingUrl"":null,""privacyStatementUrl"":null,""supportUrl"":null,""termsOfServiceUrl"":null}",null,[],[],null,300940-Dev.Cmc.Portal,"[{""adminConsentDescription"":""Allow the application to access 300940-Dev.Cmc.Portal on behalf of the signed-in user."",""adminConsentDisplayName"":""Access 300940-Dev.Cmc.Portal"",""id"":""b191f6c2-5e4e-458a-973b-8cc8f3268ab2"",""isEnabled"":true,""type"":""User"",""userConsentDescription"":""Allow the application to access 300940-Dev.Cmc.Portal on your behalf."",""userConsentDisplayName"":""Access 300940-Dev.Cmc.Portal"",""value"":""user_impersonation""}]",Application,null,[],[],"{""redirectUris"":[]}",WesternGovernorsUniversity.onmicrosoft.com,"[{""resourceAccess"":[{""id"":""e1fe6dd8-ba31-4d61-89e7-88639da4683d"",""type"":""Scope""}],""resourceAppId"":""00000003-0000-0000-c000-000000000000""},{""resourceAccess"":[{""id"":""311a71cc-e848-46a1-bdf8-97ff7156d8e6"",""type"":""Scope""}],""resourceAppId"":""00000002-0000-0000-c000-000000000000""}]",AzureADMyOrg,https://sisportal-Dev-300940.campusnexus.cloud/CMCPortal/
d85be0ae-8335-412b-83ac-79c115dc6982,[],null,null,0028a641-bec3-47bf-8abc-dd2517fbde80,[],"{""logoUrl"":null,""marketingUrl"":null,""privacyStatementUrl"":null,""supportUrl"":null,""termsOfServiceUrl"":null}",null,[],[],null,Copilot 1 (Power Virtual Agents),[],Application,null,[],[],"{""redirectUris"":[]}",WesternGovernorsUniversity.onmicrosoft.com,[],AzureADMultipleOrgs,null
1daac407-0bde-4a85-941b-a317669675ae,[],null,null,0142ac26-d39b-4f9c-b3ce-e6781f6c0681,[],"{""logoUrl"":null,""marketingUrl"":null,""privacyStatementUrl"":null,""supportUrl"":null,""termsOfServiceUrl"":null}",null,[],[],null,Bot 1 (Power Virtual Agents),[],Application,null,[],[],"{""redirectUris"":[]}",WesternGovernorsUniversity.onmicrosoft.com,[],AzureADMultipleOrgs,null
78154637-3156-45ba-9ea6-3354faa3f44d,"[{""allowedMemberTypes"":[""User""],""description"":""User"",""displayName"":""User"",""id"":""18d14569-c3bd-439b-9a66-3a2aee01d14f"",""isEnabled"":true,""origin"":""Application"",""value"":null},{""allowedMemberTypes"":[""User""],""description"":""msiam_access"",""displayName"":""msiam_access"",""id"":""b9632174-c057-4f7e-951b-be3adc52bfe6"",""isEnabled"":true,""origin"":""Application"",""value"":null}]",null,SecurityGroup,01b028cb-2c6d-4e9b-97f9-7651220769c4,"[""https://infobloxgm701.wgu.edu:8765/metadata""]","{""logoUrl"":null,""marketingUrl"":null,""privacyStatementUrl"":null,""supportUrl"":null,""termsOfServiceUrl"":null}",null,[],[],null,Infoblox DDI,"[{""adminConsentDescription"":""Allow the application to access Infoblox DDI on behalf of the signed-in user."",""adminConsentDisplayName"":""Access Infoblox DDI"",""id"":""88ffa1b7-0964-4635-a8c6-6824d626e8a4"",""isEnabled"":true,""type"":""User"",""userConsentDescription"":""Allow the application to access Infoblox DDI on your behalf."",""userConsentDisplayName"":""Access Infoblox DDI"",""value"":""user_impersonation""}]",Application,"{""accessToken"":[],""idToken"":[],""saml2Token"":[{""additionalProperties"":[""sam_account_name""],""essential"":false,""name"":""groups"",""source"":null}]}",[],[],"{""redirectUris"":[]}",WesternGovernorsUniversity.onmicrosoft.com,[],AzureADMyOrg,https://account.activedirectory.windowsazure.com:444/applications/default.aspx?metadata=customappsso|ISV9.1|primary|z
7056d6ea-4a72-4675-8f33-947a369dae48,[],null,null,01c691cf-6252-484e-a4b0-eb7d7480cbc0,[],"{""logoUrl"":null,""marketingUrl"":null,""privacyStatementUrl"":null,""supportUrl"":null,""termsOfServiceUrl"":null}",null,[],[],null,D365 Sales Agent - Stakeholder Research (Microsoft Copilot Studio),[],Application,null,[],[],"{""redirectUris"":[]}",WesternGovernorsUniversity.onmicrosoft.com,[],AzureADMyOrg,null
753c1a07-9781-49f4-b825-0ef35c4a6ea4,[],null,null,02b6940d-2cf1-4181-9edf-a43a386d43a6,[],"{""logoUrl"":null,""marketingUrl"":null,""privacyStatementUrl"":null,""supportUrl"":null,""termsOfServiceUrl"":null}",null,[],[],null,CS Case Followup and Closure (Microsoft Copilot Studio),[],Application,null,[],[],"{""redirectUris"":[]}",WesternGovernorsUniversity.onmicrosoft.com,[],AzureADMyOrg,null
8e400cec-928e-405c-bcb5-705e081ed57b,[],null,null,03fb491c-dea2-453e-b1e8-e26386e408ed,[],"{""logoUrl"":null,""marketingUrl"":null,""privacyStatementUrl"":null,""supportUrl"":null,""termsOfServiceUrl"":null}",null,[],[],null,D365 Sales Agent - Research (Microsoft Copilot Studio),[],Application,null,[],[],"{""redirectUris"":[]}",WesternGovernorsUniversity.onmicrosoft.com,[],AzureADMyOrg,null
69363015-61db-4951-90a3-6dedb81fa9a7,[],null,null,04345269-b4c6-4bec-8289-783ae243bd25,[],"{""logoUrl"":null,""marketingUrl"":null,""privacyStatementUrl"":null,""supportUrl"":null,""termsOfServiceUrl"":null}",null,[],[],null,D365 Sales Agent - Summary Synthesizer (Microsoft Copilot Studio),[],Application,null,[],[],"{""redirectUris"":[]}",WesternGovernorsUniversity.onmicrosoft.com,[],AzureADMyOrg,null
f640b05a-f9d9-4b5b-9db0-fe202f9efad5,"[{""allowedMemberTypes"":[""User""],""description"":""Onbase Application Admins"",""displayName"":""Rubrik Onbase"",""id"":""a53d026f-6cf2-4c14-b781-cbf44dbac480"",""isEnabled"":true,""origin"":""Application"",""value"":""onbaserubrik""},{""allowedMemberTypes"":[""User""],""description"":""Banner Application Admins"",""displayName"":""Rubrik Banner"",""id"":""043f2283-8364-4670-a8a0-638254c911c7"",""isEnabled"":true,""origin"":""Application"",""value"":""bannerrubrik""},{""allowedMemberTypes"":[""User""],""description"":""msiam_access"",""displayName"":""msiam_access"",""id"":""b9632174-c057-4f7e-951b-be3adc52bfe6"",""isEnabled"":true,""origin"":""Application"",""value"":null},{""allowedMemberTypes"":[""User""],""description"":""User"",""displayName"":""User"",""id"":""18d14569-c3bd-439b-9a66-3a2aee01d14f"",""isEnabled"":true,""origin"":""Application"",""value"":null},{""allowedMemberTypes"":[""User""],""description"":""IO Team Admins"",""displayName"":""IO Server Admins"",""id"":""7b4c0c6a-f57f-4790-bcbf-551c169c69e5"",""isEnabled"":true,""origin"":""Application"",""value"":""ioserveradmins""},{""allowedMemberTypes"":[""User""],""description"":""DBA Team"",""displayName"":""DBA Team"",""id"":""aa594174-8dc5-49a9-ac13-d5201b8bf5bf"",""isEnabled"":true,""origin"":""Application"",""value"":""dbateam""},{""allowedMemberTypes"":[""User""],""description"":""Rubrik Read-Only"",""displayName"":""Read-Only"",""id"":""0b17e37f-cd99-4c34-8a4b-b71ecbb36a86"",""isEnabled"":true,""origin"":""Application"",""value"":""rubrikreadonly""},{""allowedMemberTypes"":[""User""],""description"":""Collab/M365 Team"",""displayName"":""M365 Admins"",""id"":""afae4674-4f7c-45b2-af05-996d4bfdd806"",""isEnabled"":true,""origin"":""Application"",""value"":""m365rubrik""},{""allowedMemberTypes"":[""User""],""description"":""Infrastructure Leadership"",""displayName"":""Infra Leadership"",""id"":""fd3b1e84-ab6d-418f-b780-2f034330cc22"",""isEnabled"":true,""origin"":""Application"",""value"":""infraleaders""},{""allowedMemberTypes"":[""User""],""description"":""AWS Rubrik Admins"",""displayName"":""Rubrik AWS"",""id"":""2bf5e697-fb8e-4909-893d-692153588676"",""isEnabled"":true,""origin"":""Application"",""value"":""awsrubrik""},{""allowedMemberTypes"":[""User""],""description"":""Azure Rubrik Admins"",""displayName"":""Rubrik Azure"",""id"":""136fc54c-06f4-436f-a815-bd7eea742dde"",""isEnabled"":true,""origin"":""Application"",""value"":""azurerubrik""},{""allowedMemberTypes"":[""User""],""description"":""Security Operations"",""displayName"":""Rubrik Secops"",""id"":""cff0ff4d-83d7-435a-960e-a07a8d63af8a"",""isEnabled"":true,""origin"":""Application"",""value"":""secopsrubrik""},{""allowedMemberTypes"":[""User""],""description"":""Access to all protected workloads without admin privledges "",""displayName"":""Global Users"",""id"":""623c6038-faf8-485f-bf91-8056b343e272"",""isEnabled"":true,""origin"":""Application"",""value"":""rubrikglobalusers""}]",null,null,049f13cc-6ac0-4077-9597-f8fe1699095e,"[""https://d3b7c89e-7fa7-4b71-851d-d94707be1edb.my.rubrik.com""]","{""logoUrl"":null,""marketingUrl"":null,""privacyStatementUrl"":null,""supportUrl"":null,""termsOfServiceUrl"":null}",null,[],[],null,WGU-Rubrik,"[{""adminConsentDescription"":""Allow the application to access WGU-Rubrik on behalf of the signed-in user."",""adminConsentDisplayName"":""Access WGU-Rubrik"",""id"":""3d78d397-2fa9-43f0-8503-86d9e7cf3f6c"",""isEnabled"":true,""type"":""User"",""userConsentDescription"":""Allow the application to access WGU-Rubrik on your behalf."",""userConsentDisplayName"":""Access WGU-Rubrik"",""value"":""user_impersonation""}]",Application,null,[],[],"{""redirectUris"":[]}",WesternGovernorsUniversity.onmicrosoft.com,[],AzureADMyOrg,https://account.activedirectory.windowsazure.com:444/applications/default.aspx?metadata=customappsso|ISV9.1|primary|z
28d72596-e8ab-48bb-9dc4-1b209b764d58,[],null,null,04e5de1a-da52-4619-8d00-492ccaaebdf7,"[""http://TerraformTesting""]","{""logoUrl"":null,""marketingUrl"":null,""privacyStatementUrl"":null,""supportUrl"":null,""termsOfServiceUrl"":null}",null,[],[],null,TerraformTesting,"[{""adminConsentDescription"":""Allow the application to access TerraformTesting on behalf of the signed-in user."",""adminConsentDisplayName"":""Access TerraformTesting"",""id"":""4678d2cf-3ea6-4884-a7dd-e60ec3aad8ee"",""isEnabled"":true,""type"":""User"",""userConsentDescription"":""Allow the application to access TerraformTesting on your behalf."",""userConsentDisplayName"":""Access TerraformTesting"",""value"":""user_impersonation""}]",Application,null,"[{""customKeyIdentifier"":""//5yAGIAYQBjAA=="",""displayName"":null,""endDateTime"":""2022-03-25T00:43:56.895724Z"",""hint"":null,""keyId"":""fa232592-d1ad-4364-bd10-d8cc2cc8e925"",""secretText"":null,""startDateTime"":""2021-03-25T00:43:56.895724Z""}]",[],"{""redirectUris"":[]}",WesternGovernorsUniversity.onmicrosoft.com,[],AzureADMyOrg,https://TerraformTesting
225519d1-c3f9-444a-a500-18aaaec428ad,[],null,null,05190ee1-637b-4ed3-877c-d7e442db6ba3,[],"{""logoUrl"":null,""marketingUrl"":null,""privacyStatementUrl"":null,""supportUrl"":null,""termsOfServiceUrl"":null}",null,[],[],null,Test Pilot (Power Virtual Agents),[],Application,null,[],[],"{""redirectUris"":[]}",WesternGovernorsUniversity.onmicrosoft.com,[],AzureADMultipleOrgs,null
34027e85-ce6f-4ad9-85f3-346c75645453,[],null,null,0532d3b4-dc44-4703-8ccc-adbef38261c2,"[""https://WindowsDefenderATPThreatIntelAPI""]","{""logoUrl"":null,""marketingUrl"":null,""privacyStatementUrl"":null,""supportUrl"":null,""termsOfServiceUrl"":null}",null,[],[],null,WindowsDefenderATPThreatIntelAPI,"[{""adminConsentDescription"":""Allow the application to access WindowsDefenderATPThreatIntelAPI on behalf of the signed-in user."",""adminConsentDisplayName"":""Access WindowsDefenderATPThreatIntelAPI"",""id"":""d540ad3e-c73f-4b0f-92aa-5be5091be350"",""isEnabled"":true,""type"":""User"",""userConsentDescription"":""Allow the application to access WindowsDefenderATPThreatIntelAPI on your behalf."",""userConsentDisplayName"":""Access WindowsDefenderATPThreatIntelAPI"",""value"":""user_impersonation""}]",Application,null,[],[],"{""redirectUris"":[]}",WesternGovernorsUniversity.onmicrosoft.com,"[{""resourceAccess"":[{""id"":""311a71cc-e848-46a1-bdf8-97ff7156d8e6"",""type"":""Scope""}],""resourceAppId"":""00000002-0000-0000-c000-000000000000""}]",AzureADMyOrg,null
8bca7a77-ae1f-4d6a-ba4c-0af898351a03,[],null,null,06b31c6c-e01b-4593-856a-b7f80592b7ea,[],"{""logoUrl"":null,""marketingUrl"":null,""privacyStatementUrl"":null,""supportUrl"":null,""termsOfServiceUrl"":null}",null,[],[],null,D365 Sales Agent - Engage Autonomous (Microsoft Copilot Studio),[],Application,null,[],[],"{""redirectUris"":[]}",WesternGovernorsUniversity.onmicrosoft.com,[],AzureADMyOrg,null
a7153297-ff7a-489c-83a7-d030c3b4e06b,"[{""allowedMemberTypes"":[""User""],""description"":""msiam_access"",""displayName"":""msiam_access"",""id"":""a1eb368d-52af-4b80-bc39-ea5652b38dc2"",""isEnabled"":true,""origin"":""Application"",""value"":null}]",null,null,06c1ec2a-9efd-445b-87fd-2c9f52cf08b5,"[""https://www.netsparkercloud.com/""]","{""logoUrl"":null,""marketingUrl"":null,""privacyStatementUrl"":null,""supportUrl"":null,""termsOfServiceUrl"":null}",null,[],[],null,Netsparker Enterprise,"[{""adminConsentDescription"":""Allow the application to access Netsparker Enterprise on behalf of the signed-in user."",""adminConsentDisplayName"":""Access Netsparker Enterprise"",""id"":""04a98875-7734-446a-8f54-381499e8b094"",""isEnabled"":true,""type"":""User"",""userConsentDescription"":""Allow the application to access Netsparker Enterprise on your behalf."",""userConsentDisplayName"":""Access Netsparker Enterprise"",""value"":""user_impersonation""}]",Application,null,[],[],"{""redirectUris"":[]}",WesternGovernorsUniversity.onmicrosoft.com,[],AzureADMyOrg,https://www.netsparkercloud.com/account/assertionconsumerservice/*?metadata=netsparkerenterprise|ISV9.2|primary|z
d8fcc4e1-89ee-47c4-906d-a6d48155a2c4,[],null,null,06c3c7df-da89-4d52-a0cf-9572e509e5b6,[],"{""logoUrl"":null,""marketingUrl"":null,""privacyStatementUrl"":null,""supportUrl"":null,""termsOfServiceUrl"":null}",null,[],[],null,WGU_Aviatrix,[],Application,null,"[{""customKeyIdentifier"":null,""displayName"":""WGU_Aviatrix 2025-2026"",""endDateTime"":""2026-05-02T17:39:48.357Z"",""hint"":""54z"",""keyId"":""817d2f24-36ce-46f4-9e2b-da5e01c73b69"",""secretText"":null,""startDateTime"":""2025-05-02T17:39:48.357Z""},{""customKeyIdentifier"":null,""displayName"":""WGU_Aviatrix 2024-2025"",""endDateTime"":""2025-05-09T22:21:23.579Z"",""hint"":""eCj"",""keyId"":""014691cc-6174-47f6-a629-a67f77fad041"",""secretText"":null,""startDateTime"":""2024-05-09T22:21:23.579Z""},{""customKeyIdentifier"":null,""displayName"":""WGU_Aviatrix 2023-2024"",""endDateTime"":""2024-05-09T16:50:45.143Z"",""hint"":""ZJ0"",""keyId"":""d5128d79-69cb-49cd-97bb-c61b0212db9e"",""secretText"":null,""startDateTime"":""2023-05-10T16:50:45.143Z""}]",[],"{""redirectUris"":[]}",WesternGovernorsUniversity.onmicrosoft.com,"[{""resourceAccess"":[{""id"":""e1fe6dd8-ba31-4d61-89e7-88639da4683d"",""type"":""Scope""}],""resourceAppId"":""00000003-0000-0000-c000-000000000000""}]",AzureADMyOrg,null
667b7b97-e0b3-4dae-ab54-60eced32a7e3,[],null,null,0729b62f-8ca9-4d26-9771-9345a79ca177,[],"{""logoUrl"":null,""marketingUrl"":null,""privacyStatementUrl"":null,""supportUrl"":null,""termsOfServiceUrl"":null}",null,[],[],null,Team Assist (Power Virtual Agents),[],Application,null,[],[],"{""redirectUris"":[]}",WesternGovernorsUniversity.onmicrosoft.com,[],AzureADMultipleOrgs,null
c9cd41ec-c520-4de7-b369-1dc15b8424ae,[],null,null,076114b7-0938-4eb6-8c05-30b934e4c658,[],"{""logoUrl"":null,""marketingUrl"":null,""privacyStatementUrl"":null,""supportUrl"":null,""termsOfServiceUrl"":null}",null,[],[],null,CRASH,[],Application,null,[],[],"{""redirectUris"":[]}",WesternGovernorsUniversity.onmicrosoft.com,[],AzureADandPersonalMicrosoftAccount,null
e71f9213-c952-4f2e-b13e-b649e3cbabc4,[],null,null,07850c03-5477-4ec2-82cb-46e7dc50538c,"[""https://authentise-test-saml.azurewebsites.net""]","{""logoUrl"":null,""marketingUrl"":null,""privacyStatementUrl"":null,""supportUrl"":null,""termsOfServiceUrl"":null}",null,[],[],null,authentise-test-saml,"[{""adminConsentDescription"":""Allow the application to access authentise-test-saml on behalf of the signed-in user."",""adminConsentDisplayName"":""Access authentise-test-saml"",""id"":""dba1f866-8dbf-4c15-a931-2bee0d95c4fa"",""isEnabled"":true,""type"":""User"",""userConsentDescription"":""Allow the application to access authentise-test-saml on your behalf."",""userConsentDisplayName"":""Access authentise-test-saml"",""value"":""user_impersonation""}]",Application,null,"[{""customKeyIdentifier"":null,""displayName"":null,""endDateTime"":""2027-10-13T16:40:09.7361174Z"",""hint"":null,""keyId"":""a98d9a55-20a8-4ccb-a8c7-557c323cd63d"",""secretText"":null,""startDateTime"":""2017-10-13T16:40:09.7361174Z""}]",[],"{""redirectUris"":[]}",null,"[{""resourceAccess"":[{""id"":""311a71cc-e848-46a1-bdf8-97ff7156d8e6"",""type"":""Scope""}],""resourceAppId"":""00000002-0000-0000-c000-000000000000""}]",AzureADMyOrg,https://authentise-test-saml.azurewebsites.net
66f28336-8ca0-442b-9212-a90de91e2dd4,[],null,null,07953bb0-5b31-4a61-ad1a-1e7513f93183,[],"{""logoUrl"":null,""marketingUrl"":null,""privacyStatementUrl"":null,""supportUrl"":null,""termsOfServiceUrl"":null}",null,[],[],null,Real Estate Booking Service (Microsoft Copilot Studio),[],Application,null,[],[],"{""redirectUris"":[]}",WesternGovernorsUniversity.onmicrosoft.com,[],AzureADMultipleOrgs,null
df411034-56fb-4ab2-b1a9-99f24f5126cb,[],null,null,07ccaca4-e210-4b91-864f-d5aa7bf49216,[],"{""logoUrl"":null,""marketingUrl"":null,""privacyStatementUrl"":null,""supportUrl"":null,""termsOfServiceUrl"":null}",null,[],[],null,Learner360-Mail-Integration,[],Application,null,"[{""customKeyIdentifier"":null,""displayName"":""Learner360-Mail 2025-2026"",""endDateTime"":""2026-04-22T15:04:48.777Z"",""hint"":""B9n"",""keyId"":""fbce89e4-00cb-4968-a8a2-595aafa77f82"",""secretText"":null,""startDateTime"":""2025-04-22T15:04:48.777Z""}]",[],"{""redirectUris"":[]}",WesternGovernorsUniversity.onmicrosoft.com,"[{""resourceAccess"":[{""id"":""e383f46e-2787-4529-855e-0e479a3ffac0"",""type"":""Scope""},{""id"":""e1fe6dd8-ba31-4d61-89e7-88639da4683d"",""type"":""Scope""},{""id"":""df021288-bdef-4463-88db-98f22de89214"",""type"":""Role""}],""resourceAppId"":""00000003-0000-0000-c000-000000000000""}]",AzureADMyOrg,null
7673e0d5-d2bb-476a-9b99-aac724c18902,[],null,null,07ff3b4c-75bd-4af4-ba8b-700508f4e365,"[""https://VisualStudio/SPN17891926-f477-4aef-b725-aff6cc77e514""]","{""logoUrl"":null,""marketingUrl"":null,""privacyStatementUrl"":null,""supportUrl"":null,""termsOfServiceUrl"":null}",null,[],[],null,hfakhreddine86-Rent-A-Movie-18bd7450-c8a4-4915-8957-0087fd80fd37,"[{""adminConsentDescription"":""Allow the application to access hfakhreddine86-Rent-A-Movie-18bd7450-c8a4-4915-8957-0087fd80fd37 on behalf of the signed-in user."",""adminConsentDisplayName"":""Access hfakhreddine86-Rent-A-Movie-18bd7450-c8a4-4915-8957-0087fd80fd37"",""id"":""2b1278d0-95a1-4d14-8501-8302f54b498f"",""isEnabled"":true,""type"":""User"",""userConsentDescription"":""Allow the application to access hfakhreddine86-Rent-A-Movie-18bd7450-c8a4-4915-8957-0087fd80fd37 on your behalf."",""userConsentDisplayName"":""Access hfakhreddine86-Rent-A-Movie-18bd7450-c8a4-4915-8957-0087fd80fd37"",""value"":""user_impersonation""}]",Application,null,"[{""customKeyIdentifier"":null,""displayName"":null,""endDateTime"":""2022-06-20T03:57:06.3923705Z"",""hint"":null,""keyId"":""a35d27c4-bd72-420b-bc37-d8f434409112"",""secretText"":null,""startDateTime"":""2020-06-20T03:57:06.3923705Z""}]",[],"{""redirectUris"":[]}",WesternGovernorsUniversity.onmicrosoft.com,[],AzureADMyOrg,https://VisualStudio/SPN
8a74eb25-0596-4574-8c92-fcd5eaf4630a,[],null,null,09009e89-b1e7-4bfc-9455-b82abd8107fd,[],"{""logoUrl"":null,""marketingUrl"":null,""privacyStatementUrl"":null,""supportUrl"":null,""termsOfServiceUrl"":null}",null,[],[],null,Quality Evaluation Agent - Incident (Microsoft Copilot Studio),[],Application,null,[],[],"{""redirectUris"":[]}",WesternGovernorsUniversity.onmicrosoft.com,[],AzureADMyOrg,null
28e6d217-9d1c-405c-bc21-4b4eeb334da4,[],null,null,09b0e830-34f1-4953-a424-55a7af8ba91e,"[""https://spn/HKpQzx0YSAzHhXbcKK5KyLE1WYv0wmF8tPx8b8OWTwM%3d""]","{""logoUrl"":null,""marketingUrl"":null,""privacyStatementUrl"":null,""supportUrl"":null,""termsOfServiceUrl"":null}",null,"[{""customKeyIdentifier"":""A716D767A5CBBAEB0CAB6572EE600D1B790E754E"",""displayName"":null,""endDateTime"":""2022-01-05T00:00:00Z"",""key"":null,""keyId"":""0f1b466e-b952-4345-ba26-cd43b323ad78"",""startDateTime"":""2021-01-04T00:00:00Z"",""type"":""AsymmetricX509Cert"",""usage"":""Verify""}]",[],null,site-reco-59z-asr-automationaccount_HKpQzx0YSAzHhXbcKK5KyLE1WYv0wmF8tPx8b8OWTwM=,"[{""adminConsentDescription"":""Allow the application to access site-reco-59z-asr-automationaccount_HKpQzx0YSAzHhXbcKK5KyLE1WYv0wmF8tPx8b8OWTwM= on behalf of the signed-in user."",""adminConsentDisplayName"":""Access site-reco-59z-asr-automationaccount_HKpQzx0YSAzHhXbcKK5KyLE1WYv0wmF8tPx8b8OWTwM="",""id"":""15a7314d-df1e-4824-989c-39e965ede151"",""isEnabled"":true,""type"":""User"",""userConsentDescription"":""Allow the application to access site-reco-59z-asr-automationaccount_HKpQzx0YSAzHhXbcKK5KyLE1WYv0wmF8tPx8b8OWTwM= on your behalf."",""userConsentDisplayName"":""Access site-reco-59z-asr-automationaccount_HKpQzx0YSAzHhXbcKK5KyLE1WYv0wmF8tPx8b8OWTwM="",""value"":""user_impersonation""}]",Application,null,[],[],"{""redirectUris"":[]}",WesternGovernorsUniversity.onmicrosoft.com,[],AzureADMyOrg,https://management.azure.com//subscriptions/6df8374b-7cbb-4908-b015-0c03996d19fa/resourceGroups/site-recovery-vault-rg/providers/Microsoft.Automation/automationAccounts/site-reco-59z-asr-automationaccount
44b2edd9-afb3-46af-a8c9-df08e4467c2b,[],null,null,0a440b21-ad24-461f-928d-ffec16eed70b,[],"{""logoUrl"":null,""marketingUrl"":null,""privacyStatementUrl"":null,""supportUrl"":null,""termsOfServiceUrl"":null}",null,[],[],null,Stakeholder Agent (Microsoft Copilot Studio),[],Application,null,[],[],"{""redirectUris"":[]}",WesternGovernorsUniversity.onmicrosoft.com,[],AzureADMyOrg,null
30e9a116-b694-42c3-9153-28a78e0bd703,[],null,null,0a767f6a-9d2c-41f7-96e0-82b3bed44f74,[],"{""logoUrl"":null,""marketingUrl"":null,""privacyStatementUrl"":null,""supportUrl"":null,""termsOfServiceUrl"":null}",null,[],[],null,Family Budget Assistant (Microsoft Copilot Studio),[],Application,null,[],[],"{""redirectUris"":[]}",WesternGovernorsUniversity.onmicrosoft.com,[],AzureADMultipleOrgs,null
26515778-5df7-4734-8b60-4ed72b23ef48,"[{""allowedMemberTypes"":[""User""],""description"":""Basic PoliteMail Access"",""displayName"":""User"",""id"":""ea30ede5-ceae-4c7e-9c5a-936b640ab1c6"",""isEnabled"":true,""origin"":""Application"",""value"":""User""},{""allowedMemberTypes"":[""User""],""description"":""Manager on PoliteMail Server"",""displayName"":""Manager"",""id"":""55bb3a8d-589f-4741-b681-d83c5e73c493"",""isEnabled"":true,""origin"":""Application"",""value"":""Manager""},{""allowedMemberTypes"":[""User""],""description"":""Administrator on PoliteMail Server"",""displayName"":""Administrators"",""id"":""398e19d1-4049-4d4a-9607-e3f7b8a871e4"",""isEnabled"":true,""origin"":""Application"",""value"":""Administrators""}]",null,null,0afcd671-9213-4119-960e-4990be23f151,[],"{""logoUrl"":""https://secure.aadcdn.microsoftonline-p.com/dbd5a2dd-9xbkby9n4z7idtj7vbgnjjackquw6b-s41poipk08m0/appbranding/xpa6mvebrfut1h6unh-qywwheihcdw4nwej-eyuijre/1033/bannerlogo?ts=637195587978863311"",""marketingUrl"":null,""privacyStatementUrl"":null,""supportUrl"":null,""termsOfServiceUrl"":null}",null,[],[],null,PoliteMail Authentication,[],Application,null,"[{""customKeyIdentifier"":null,""displayName"":""PoliteMailClientSecret"",""endDateTime"":""2299-12-31T07:00:00Z"",""hint"":""72B"",""keyId"":""c4e38146-a4bf-4059-b183-f761b7fbdb32"",""secretText"":null,""startDateTime"":""2020-03-13T15:11:14.199Z""}]",[],"{""redirectUris"":[]}",wgu.edu,"[{""resourceAccess"":[{""id"":""311a71cc-e848-46a1-bdf8-97ff7156d8e6"",""type"":""Scope""},{""id"":""cba73afc-7f69-4d86-8450-4978e04ecd1a"",""type"":""Scope""}],""resourceAppId"":""00000002-0000-0000-c000-000000000000""},{""resourceAccess"":[{""id"":""e1fe6dd8-ba31-4d61-89e7-88639da4683d"",""type"":""Scope""}],""resourceAppId"":""00000003-0000-0000-c000-000000000000""}]",AzureADMyOrg,null
59a5a3d7-fd80-43b0-b68f-8a2f1298f97f,[],null,null,0bb22661-21a2-4c88-bdb4-21e5586f5720,"[""https://WesternGovernorsUniversity.onmicrosoft.com/8c8f1eaf-d0cd-4b54-a323-ab90bbe64e36""]","{""logoUrl"":null,""marketingUrl"":null,""privacyStatementUrl"":null,""supportUrl"":null,""termsOfServiceUrl"":null}",null,[],[],null,Mimecast Essentials for Outlook,"[{""adminConsentDescription"":""Allow the application to access Mimecast Essentials for Outlook on behalf of the signed-in user."",""adminConsentDisplayName"":""Access Mimecast Essentials for Outlook"",""id"":""2b4c86d5-4e87-439d-8ed6-839116e7260e"",""isEnabled"":true,""type"":""User"",""userConsentDescription"":""Allow the application to access Mimecast Essentials for Outlook on your behalf."",""userConsentDisplayName"":""Access Mimecast Essentials for Outlook"",""value"":""user_impersonation""}]",Application,null,[],[],"{""redirectUris"":[]}",WesternGovernorsUniversity.onmicrosoft.com,[],AzureADMyOrg,null
a23e62d8-4517-4d51-bef1-5d05b65b79ff,[],null,null,0ca7b7f9-b449-4b0c-9bea-4048be01cbf5,[],"{""logoUrl"":null,""marketingUrl"":null,""privacyStatementUrl"":null,""supportUrl"":null,""termsOfServiceUrl"":null}",null,[],[],null,Institutional Portfolio Management_APIAccess_SitesSelected,[],Application,null,"[{""customKeyIdentifier"":null,""displayName"":""20250612"",""endDateTime"":""2026-06-12T19:08:14.509Z"",""hint"":""HzP"",""keyId"":""65cb0b93-66ee-4e46-b55d-2ece959f9b27"",""secretText"":null,""startDateTime"":""2025-06-12T19:08:14.509Z""}]",[],"{""redirectUris"":[]}",WesternGovernorsUniversity.onmicrosoft.com,"[{""resourceAccess"":[{""id"":""e1fe6dd8-ba31-4d61-89e7-88639da4683d"",""type"":""Scope""},{""id"":""883ea226-0bf2-4a8f-9f9d-92c9162a727d"",""type"":""Role""}],""resourceAppId"":""00000003-0000-0000-c000-000000000000""}]",AzureADMyOrg,null
69f10df8-6d8a-45b5-8156-9b609a697d33,[],null,null,0d09dbeb-f9d2-4dbf-8e37-6e0a3b257f0e,[],"{""logoUrl"":null,""marketingUrl"":null,""privacyStatementUrl"":null,""supportUrl"":null,""termsOfServiceUrl"":null}",null,[],[],null,DataBricks_APIAccess_SitesSelected,[],Application,null,"[{""customKeyIdentifier"":null,""displayName"":""20250421"",""endDateTime"":""2026-04-21T19:22:59.23Z"",""hint"":""sQn"",""keyId"":""b1e864d3-868c-4b0a-9a9b-302ca0c80ffa"",""secretText"":null,""startDateTime"":""2025-04-21T19:22:59.23Z""}]",[],"{""redirectUris"":[""ms-appx-web://microsoft.aad.brokerplugin/69f10df8-6d8a-45b5-8156-9b609a697d33"",""http://localhost"",""https://login.microsoftonline.com/common/oauth2/nativeclient""]}",WesternGovernorsUniversity.onmicrosoft.com,"[{""resourceAccess"":[{""id"":""883ea226-0bf2-4a8f-9f9d-92c9162a727d"",""type"":""Role""}],""resourceAppId"":""00000003-0000-0000-c000-000000000000""}]",AzureADMyOrg,null
5fcc0d12-9ea9-43d4-ab4e-abce01253c72,[],null,null,0d0ad47e-eb48-4a2f-827e-55b76184166f,[],"{""logoUrl"":null,""marketingUrl"":null,""privacyStatementUrl"":null,""supportUrl"":null,""termsOfServiceUrl"":null}",null,[],[],null,Who is your state rep? (Microsoft Copilot Studio),[],Application,null,[],[],"{""redirectUris"":[]}",WesternGovernorsUniversity.onmicrosoft.com,[],AzureADMyOrg,null
90361142-47d4-45f5-ad62-286488a217d4,[],null,null,0d0d3af3-94ee-4965-8549-2209fcccc76f,"[""http://myaks02SP-20201228142720""]","{""logoUrl"":null,""marketingUrl"":null,""privacyStatementUrl"":null,""supportUrl"":null,""termsOfServiceUrl"":null}",null,[],[],null,myaks02SP-20201228142720,"[{""adminConsentDescription"":""Allow the application to access myaks02SP-20201228142720 on behalf of the signed-in user."",""adminConsentDisplayName"":""Access myaks02SP-20201228142720"",""id"":""95f3bfda-6d89-4c3d-9903-95901fbae7b6"",""isEnabled"":true,""type"":""User"",""userConsentDescription"":""Allow the application to access myaks02SP-20201228142720 on your behalf."",""userConsentDisplayName"":""Access myaks02SP-20201228142720"",""value"":""user_impersonation""}]",Application,null,[],[],"{""redirectUris"":[]}",WesternGovernorsUniversity.onmicrosoft.com,[],AzureADMyOrg,http://myaks02SP-20201228142720
29d8fcf6-536c-4ace-8abe-e1050bfeb387,[],null,null,0d1da04e-e921-440c-941e-10ebbdd8494f,"[""https://WesternGovernorsUniversity.onmicrosoft.com/e1eaed86-e36c-4e37-afbf-278124285c33""]","{""logoUrl"":null,""marketingUrl"":null,""privacyStatementUrl"":null,""supportUrl"":null,""termsOfServiceUrl"":null}",null,[],[],null,Microsoft Dynamics Office Add-in,"[{""adminConsentDescription"":""Allow the application to access Microsoft Dynamics Office Add-in on behalf of the signed-in user."",""adminConsentDisplayName"":""Access Microsoft Dynamics Office Add-in"",""id"":""66c48e18-1056-455f-8dcb-1f936babf878"",""isEnabled"":true,""type"":""User"",""userConsentDescription"":""Allow the application to access Microsoft Dynamics Office Add-in on your behalf."",""userConsentDisplayName"":""Access Microsoft Dynamics Office Add-in"",""value"":""user_impersonation""}]",Application,null,[],[],"{""redirectUris"":[]}",WesternGovernorsUniversity.onmicrosoft.com,[],AzureADMyOrg,null
957414c0-7acb-4644-bcec-4491bcf66f66,[],null,null,0f5e89ae-4f9d-4160-839f-b3e10c50fb46,[],"{""logoUrl"":null,""marketingUrl"":null,""privacyStatementUrl"":null,""supportUrl"":null,""termsOfServiceUrl"":null}",null,[],[],null,CMG Client,[],Application,null,[],[],"{""redirectUris"":[""ms-appx-web://Microsoft.AAD.BrokerPlugin/957414c0-7acb-4644-bcec-4491bcf66f66""]}",WesternGovernorsUniversity.onmicrosoft.com,"[{""resourceAccess"":[{""id"":""7aeb5e58-d8ba-4ee2-9ec8-f69a9e020a50"",""type"":""Scope""}],""resourceAppId"":""13a1c894-e071-4136-b87d-d94d8ef408ab""},{""resourceAccess"":[{""id"":""311a71cc-e848-46a1-bdf8-97ff7156d8e6"",""type"":""Scope""}],""resourceAppId"":""00000002-0000-0000-c000-000000000000""}]",AzureADMyOrg,null
e77c5a24-b7c6-4c59-b0ac-f6acf94f1abf,[],null,null,1059f48a-05ea-4c42-aaad-bcbf0042577d,[],"{""logoUrl"":null,""marketingUrl"":null,""privacyStatementUrl"":null,""supportUrl"":null,""termsOfServiceUrl"":null}",null,[],[],null,CC test (Microsoft Copilot Studio),[],Application,null,[],[],"{""redirectUris"":[]}",WesternGovernorsUniversity.onmicrosoft.com,[],AzureADMyOrg,null
5713e231-69dd-4e88-befd-ba1095635401,[],null,null,10b26f87-4525-4b8a-bdc4-cbcfb23c4d39,[],"{""logoUrl"":null,""marketingUrl"":null,""privacyStatementUrl"":null,""supportUrl"":null,""termsOfServiceUrl"":null}",null,[],[],null,wgu_ai-notify,[],Application,null,"[{""customKeyIdentifier"":null,""displayName"":""20230403"",""endDateTime"":""2024-04-02T22:11:51.565Z"",""hint"":""M0R"",""keyId"":""544d6987-aba7-4cbc-9b04-a25675c5d34a"",""secretText"":null,""startDateTime"":""2023-04-03T22:11:51.565Z""}]",[],"{""redirectUris"":[]}",WesternGovernorsUniversity.onmicrosoft.com,"[{""resourceAccess"":[{""id"":""e1fe6dd8-ba31-4d61-89e7-88639da4683d"",""type"":""Scope""},{""id"":""b633e1c5-b582-4048-a93e-9f11b44c7e96"",""type"":""Role""}],""resourceAppId"":""00000003-0000-0000-c000-000000000000""}]",AzureADMyOrg,null
1bc60290-917e-49ca-b041-16d8ae4221cc,[],null,null,10dcacaf-4eaa-4276-9968-30df947dc979,[],"{""logoUrl"":null,""marketingUrl"":null,""privacyStatementUrl"":null,""supportUrl"":null,""termsOfServiceUrl"":null}",null,[],[],null,Quality Evaluation Agent - Incident (Microsoft Copilot Studio),[],Application,null,[],[],"{""redirectUris"":[]}",WesternGovernorsUniversity.onmicrosoft.com,[],AzureADMyOrg,null
fa7bbc01-dd77-4159-b76c-01d9201a13d2,[],null,null,10f6de9d-b0c9-4358-b49f-6e4189376676,[],"{""logoUrl"":null,""marketingUrl"":null,""privacyStatementUrl"":null,""supportUrl"":null,""termsOfServiceUrl"":null}",null,[],[],null,Evaluation Helper (Power Virtual Agents),[],Application,null,[],[],"{""redirectUris"":[]}",WesternGovernorsUniversity.onmicrosoft.com,[],AzureADMultipleOrgs,null
73767b97-dbc5-43e0-b43a-f6e78841b141,[],null,null,119857d7-7691-4835-92a1-cb58ee1e86cd,[],"{""logoUrl"":null,""marketingUrl"":null,""privacyStatementUrl"":null,""supportUrl"":null,""termsOfServiceUrl"":null}",null,[],[],null,Copilot 1 (Power Virtual Agents),[],Application,null,[],[],"{""redirectUris"":[]}",WesternGovernorsUniversity.onmicrosoft.com,[],AzureADMultipleOrgs,null
e2d6a58f-f92a-4856-8761-cf86d8aac25d,[],null,null,12a005f9-c6dd-4760-a6b3-17304e69c2d0,[],"{""logoUrl"":null,""marketingUrl"":null,""privacyStatementUrl"":null,""supportUrl"":null,""termsOfServiceUrl"":null}",null,[],[],null,Workday to Insider Risk Management,[],Application,null,"[{""customKeyIdentifier"":null,""displayName"":""Workday to Insider Risk Management 2024-2025"",""endDateTime"":""2025-12-03T16:01:31.962Z"",""hint"":""uW1"",""keyId"":""6c26b0df-27d4-4a50-8924-e32a39515961"",""secretText"":null,""startDateTime"":""2024-12-03T16:01:31.962Z""}]",[],"{""redirectUris"":[]}",WesternGovernorsUniversity.onmicrosoft.com,"[{""resourceAccess"":[{""id"":""e1fe6dd8-ba31-4d61-89e7-88639da4683d"",""type"":""Scope""}],""resourceAppId"":""00000003-0000-0000-c000-000000000000""}]",AzureADMyOrg,null
34e0e96f-f569-4dbf-b5b8-24c2b73f0bf6,[],null,null,1348d434-9315-49ff-9046-3d81ab1fe53b,[],"{""logoUrl"":null,""marketingUrl"":null,""privacyStatementUrl"":null,""supportUrl"":null,""termsOfServiceUrl"":null}",null,[],[],null,CS Case Followup and Closure (Microsoft Copilot Studio),[],Application,null,[],[],"{""redirectUris"":[]}",WesternGovernorsUniversity.onmicrosoft.com,[],AzureADMyOrg,null
0137854e-ef33-496e-8af1-d59d42994d8a,[],null,null,13d34e30-6c87-404d-83a1-6575c4451734,[],"{""logoUrl"":null,""marketingUrl"":null,""privacyStatementUrl"":null,""supportUrl"":null,""termsOfServiceUrl"":null}",null,[],[],null,Sales Copilot Power Virtual Agents Bot (Power Virtual Agents),[],Application,null,[],[],"{""redirectUris"":[]}",WesternGovernorsUniversity.onmicrosoft.com,[],AzureADMultipleOrgs,null
c2fef38f-aed3-4efd-bb93-60e2f6cc0a09,[],null,null,1428973e-1573-48f5-b373-2ab5288f22f2,[],"{""logoUrl"":null,""marketingUrl"":null,""privacyStatementUrl"":null,""supportUrl"":null,""termsOfServiceUrl"":null}",null,[],[],null,wgu_jira_qa_mail,[],Application,null,"[{""customKeyIdentifier"":null,""displayName"":""2025-2026"",""endDateTime"":""2026-08-21T22:14:26.698Z"",""hint"":""Ooe"",""keyId"":""f4ffc1a6-4551-4635-bf1e-e12d58fa02a7"",""secretText"":null,""startDateTime"":""2025-08-21T22:14:26.698Z""},{""customKeyIdentifier"":null,""displayName"":""2024-2025"",""endDateTime"":""2025-03-13T19:03:54.675Z"",""hint"":""XOG"",""keyId"":""3da2e3f5-7d19-4b10-93ec-5209a549d716"",""secretText"":null,""startDateTime"":""2024-03-13T19:03:54.675Z""}]",[],"{""redirectUris"":[]}",WesternGovernorsUniversity.onmicrosoft.com,"[{""resourceAccess"":[{""id"":""652390e4-393a-48de-9484-05f9b1212954"",""type"":""Scope""},{""id"":""7427e0e9-2fba-42fe-b0c0-848c9e6a8182"",""type"":""Scope""},{""id"":""d7b7f2d9-0f45-4ea1-9d42-e50810c06991"",""type"":""Scope""}],""resourceAppId"":""00000003-0000-0000-c000-000000000000""}]",AzureADMultipleOrgs,null
369cc884-e2f7-463b-adb2-4bd224ece4a2,[],null,null,147743d6-29b3-4c02-aba9-7447df6a7941,[],"{""logoUrl"":null,""marketingUrl"":null,""privacyStatementUrl"":null,""supportUrl"":null,""termsOfServiceUrl"":null}",null,[],[],null,groovybot,[],Application,null,"[{""customKeyIdentifier"":null,""displayName"":null,""endDateTime"":""2099-12-31T12:00:00Z"",""hint"":""jsj"",""keyId"":""b4522e90-b31d-4993-a8ef-82f2d584803b"",""secretText"":null,""startDateTime"":""2017-03-22T20:47:47.025775Z""}]",[],"{""redirectUris"":[]}",null,"[{""resourceAccess"":[{""id"":""e1fe6dd8-ba31-4d61-89e7-88639da4683d"",""type"":""Scope""}],""resourceAppId"":""00000003-0000-0000-c000-000000000000""}]",AzureADandPersonalMicrosoftAccount,null
f7d38fb8-0ffa-4def-847c-9876f76a1f9c,[],null,null,14f673c5-e4f6-4631-bdb8-952b74ff19d4,"[""https://spn/%2bcZtY7T5GvsHfW38PNpIN%2f%2f4JcxXlXoM8kKIidisJo0%3d""]","{""logoUrl"":null,""marketingUrl"":null,""privacyStatementUrl"":null,""supportUrl"":null,""termsOfServiceUrl"":null}",null,"[{""customKeyIdentifier"":""1F2CBE6ED19EFAE3BCA870244D49E90D4DB99027"",""displayName"":null,""endDateTime"":""2022-04-03T00:00:00Z"",""key"":null,""keyId"":""36a0def8-7b18-4d78-bb98-b5566913373b"",""startDateTime"":""2021-04-02T00:00:00Z"",""type"":""AsymmetricX509Cert"",""usage"":""Verify""}]",[],null,asr-vault-s8p-asr-automationaccount_+cZtY7T5GvsHfW38PNpIN//4JcxXlXoM8kKIidisJo0=,"[{""adminConsentDescription"":""Allow the application to access asr-vault-s8p-asr-automationaccount_+cZtY7T5GvsHfW38PNpIN//4JcxXlXoM8kKIidisJo0= on behalf of the signed-in user."",""adminConsentDisplayName"":""Access asr-vault-s8p-asr-automationaccount_+cZtY7T5GvsHfW38PNpIN//4JcxXlXoM8kKIidisJo0="",""id"":""eabc4a2f-fba8-4fb8-a275-d6d7dfafd688"",""isEnabled"":true,""type"":""User"",""userConsentDescription"":""Allow the application to access asr-vault-s8p-asr-automationaccount_+cZtY7T5GvsHfW38PNpIN//4JcxXlXoM8kKIidisJo0= on your behalf."",""userConsentDisplayName"":""Access asr-vault-s8p-asr-automationaccount_+cZtY7T5GvsHfW38PNpIN//4JcxXlXoM8kKIidisJo0="",""value"":""user_impersonation""}]",Application,null,[],[],"{""redirectUris"":[]}",WesternGovernorsUniversity.onmicrosoft.com,[],AzureADMyOrg,https://management.azure.com//subscriptions/3d7c5a7b-1134-4884-93ed-210dc987ba8e/resourceGroups/east-coast-rg/providers/Microsoft.Automation/automationAccounts/asr-vault-s8p-asr-automationaccount
18ab7b68-b2f4-4f3c-aa37-c06d4f976dc1,[],null,null,1502f8c3-04b4-4bd4-99b0-f97b27abd32e,"[""https://crmclient-Dev-300940.campusnexus.cloud/""]","{""logoUrl"":null,""marketingUrl"":null,""privacyStatementUrl"":null,""supportUrl"":null,""termsOfServiceUrl"":null}",null,[],[],null,300940-Dev.Cmc.CrmWebClient,"[{""adminConsentDescription"":""Allow the application to access 300940-Dev.Cmc.CrmWebClient on behalf of the signed-in user."",""adminConsentDisplayName"":""Access 300940-Dev.Cmc.CrmWebClient"",""id"":""7593f1a1-1c55-4c2d-b3f9-126b16d09d6c"",""isEnabled"":true,""type"":""User"",""userConsentDescription"":""Allow the application to access 300940-Dev.Cmc.CrmWebClient on your behalf."",""userConsentDisplayName"":""Access 300940-Dev.Cmc.CrmWebClient"",""value"":""user_impersonation""}]",Application,null,[],[],"{""redirectUris"":[]}",WesternGovernorsUniversity.onmicrosoft.com,"[{""resourceAccess"":[{""id"":""e1fe6dd8-ba31-4d61-89e7-88639da4683d"",""type"":""Scope""}],""resourceAppId"":""00000003-0000-0000-c000-000000000000""},{""resourceAccess"":[{""id"":""311a71cc-e848-46a1-bdf8-97ff7156d8e6"",""type"":""Scope""}],""resourceAppId"":""00000002-0000-0000-c000-000000000000""}]",AzureADMyOrg,https://crmclient-Dev-300940.campusnexus.cloud/
b5f1b075-8560-4a76-96e2-8e340efd817b,[],null,null,1567d76f-7770-431f-9595-2cfa0fe6982d,"[""http://azure-powershell-12-21-2020-20-25-53""]","{""logoUrl"":null,""marketingUrl"":null,""privacyStatementUrl"":null,""supportUrl"":null,""termsOfServiceUrl"":null}",null,[],[],null,azure-powershell-12-21-2020-20-25-53,"[{""adminConsentDescription"":""Allow the application to access azure-powershell-12-21-2020-20-25-53 on behalf of the signed-in user."",""adminConsentDisplayName"":""Access azure-powershell-12-21-2020-20-25-53"",""id"":""c4731063-799a-44da-871c-bd7502ddf391"",""isEnabled"":true,""type"":""User"",""userConsentDescription"":""Allow the application to access azure-powershell-12-21-2020-20-25-53 on your behalf."",""userConsentDisplayName"":""Access azure-powershell-12-21-2020-20-25-53"",""value"":""user_impersonation""}]",Application,null,"[{""customKeyIdentifier"":null,""displayName"":null,""endDateTime"":""2021-12-21T20:25:53.4281465Z"",""hint"":null,""keyId"":""4fc41fa7-4692-4ee6-accd-30eb9ea8f9c7"",""secretText"":null,""startDateTime"":""2020-12-21T20:25:53.4281465Z""}]",[],"{""redirectUris"":[]}",WesternGovernorsUniversity.onmicrosoft.com,[],AzureADMyOrg,http://azure-powershell-12-21-2020-20-25-53
5b245c0b-eae8-42ae-bc45-2607956a9650,[],null,null,156ea983-f5cb-42f8-a8c7-6cbab79694bb,[],"{""logoUrl"":null,""marketingUrl"":null,""privacyStatementUrl"":null,""supportUrl"":null,""termsOfServiceUrl"":null}",null,[],[],null,D365 Sales Agent - Opportunity Research (Microsoft Copilot Studio),[],Application,null,[],[],"{""redirectUris"":[]}",WesternGovernorsUniversity.onmicrosoft.com,[],AzureADMyOrg,null
24965703-9b21-4147-9a1a-3309073eec7c,[],null,null,156f81c7-8a12-471a-86ba-2582c4201c52,[],"{""logoUrl"":null,""marketingUrl"":null,""privacyStatementUrl"":null,""supportUrl"":null,""termsOfServiceUrl"":null}",null,[],[],null,Valamis-Teams-Webinar-Integration,[],Application,null,"[{""customKeyIdentifier"":null,""displayName"":""Valamis-Teams-Webinar-Integration 2025-2026"",""endDateTime"":""2026-10-21T23:13:52.029Z"",""hint"":""6dW"",""keyId"":""a5a0e2df-99ce-402c-b90d-26183e55af4a"",""secretText"":null,""startDateTime"":""2025-10-21T23:13:52.029Z""},{""customKeyIdentifier"":null,""displayName"":""Valamis-Teams-Webinar-Integration 2024-2025"",""endDateTime"":""2025-10-28T19:06:00.626Z"",""hint"":""CkT"",""keyId"":""eec372c5-82bd-4eed-a52a-46a42e060bd1"",""secretText"":null,""startDateTime"":""2024-10-28T19:06:00.626Z""},{""customKeyIdentifier"":null,""displayName"":""init"",""endDateTime"":""2024-11-01T20:48:58.576Z"",""hint"":""F06"",""keyId"":""7798af26-3980-46db-a0ac-6012bcfe26cd"",""secretText"":null,""startDateTime"":""2023-11-02T20:48:58.576Z""}]",[],"{""redirectUris"":[]}",wgu.edu,"[{""resourceAccess"":[{""id"":""e1fe6dd8-ba31-4d61-89e7-88639da4683d"",""type"":""Scope""},{""id"":""ef54d2bf-783f-4e0f-bca1-3210c0444d99"",""type"":""Role""},{""id"":""b8bb2037-6e08-44ac-a4ea-4674e010e2a4"",""type"":""Role""}],""resourceAppId"":""00000003-0000-0000-c000-000000000000""}]",AzureADMyOrg,null
ecfa1656-4b4f-4a6a-8947-fdc43e5b491d,[],null,null,15880bad-84b9-4191-8012-7df24c03f6bf,[],"{""logoUrl"":null,""marketingUrl"":null,""privacyStatementUrl"":null,""supportUrl"":null,""termsOfServiceUrl"":null}",null,[],[],null,IDOBot (Microsoft Copilot Studio),[],Application,null,[],[],"{""redirectUris"":[]}",WesternGovernorsUniversity.onmicrosoft.com,[],AzureADMyOrg,null
fb52cbc1-232e-4a1d-a5b0-fb9fbd2945a1,[],null,null,15b62cc9-98f0-41f1-9a9b-d0a6ebd19368,"[""https://WesternGovernorsUniversity.onmicrosoft.com/7b1a158a-638b-4ec4-aed8-115b43991cbc""]","{""logoUrl"":null,""marketingUrl"":null,""privacyStatementUrl"":null,""supportUrl"":null,""termsOfServiceUrl"":null}",null,[],[],null,Vpn-Users,"[{""adminConsentDescription"":""Allow the application to access Vpn-Users on behalf of the signed-in user."",""adminConsentDisplayName"":""Access Vpn-Users"",""id"":""8eff89d9-8fdc-4ebf-8b42-397495f4c3c5"",""isEnabled"":true,""type"":""User"",""userConsentDescription"":""Allow the application to access Vpn-Users on your behalf."",""userConsentDisplayName"":""Access Vpn-Users"",""value"":""user_impersonation""}]",Application,null,"[{""customKeyIdentifier"":""QQB1AHQAaAAtAGsAZQB5AA=="",""displayName"":null,""endDateTime"":""2299-12-31T07:00:00Z"",""hint"":null,""keyId"":""ab20a031-8713-4bf6-9dd0-f58c2d40abe2"",""secretText"":null,""startDateTime"":""2018-12-10T22:06:23.1444241Z""}]",[],"{""redirectUris"":[]}",WesternGovernorsUniversity.onmicrosoft.com,"[{""resourceAccess"":[{""id"":""2cfdc887-d7b4-4798-9b33-3d98d6b95dd2"",""type"":""Scope""},{""id"":""640ddd16-e5b7-4d71-9690-3f4022699ee7"",""type"":""Scope""}],""resourceAppId"":""00000003-0000-0ff1-ce00-000000000000""},{""resourceAccess"":[{""id"":""311a71cc-e848-46a1-bdf8-97ff7156d8e6"",""type"":""Scope""}],""resourceAppId"":""00000002-0000-0000-c000-000000000000""}]",AzureADMyOrg,https://www.getpostman.com/oauth2/callback
7977bf2d-d5b7-44ec-8535-82e2b7b338c9,[],null,null,15c803c2-c962-46a8-b3e6-c1418d00a3af,[],"{""logoUrl"":null,""marketingUrl"":null,""privacyStatementUrl"":null,""supportUrl"":null,""termsOfServiceUrl"":null}",null,[],[],null,Sales Copilot Power Virtual Agents Bot (Power Virtual Agents),[],Application,null,[],[],"{""redirectUris"":[]}",WesternGovernorsUniversity.onmicrosoft.com,[],AzureADMultipleOrgs,null
7ca2f8d2-df31-4ca5-946c-0150694933fb,[],null,null,1681092e-66dc-447e-b13e-46d36d28f46b,[],"{""logoUrl"":null,""marketingUrl"":null,""privacyStatementUrl"":null,""supportUrl"":null,""termsOfServiceUrl"":null}",null,[],[],null,D365 Sales Agent - Readiness (Microsoft Copilot Studio),[],Application,null,[],[],"{""redirectUris"":[]}",WesternGovernorsUniversity.onmicrosoft.com,[],AzureADMyOrg,null
4e4e5ca4-fa07-4e90-9adf-faa6bb88a94d,[],null,null,1707c0c3-f417-4160-860e-11a352e8e3f8,[],"{""logoUrl"":null,""marketingUrl"":null,""privacyStatementUrl"":null,""supportUrl"":null,""termsOfServiceUrl"":null}",null,[],[],null,CallBot (Microsoft Copilot Studio),[],Application,null,[],[],"{""redirectUris"":[]}",WesternGovernorsUniversity.onmicrosoft.com,[],AzureADMyOrg,null
7f929417-4588-4a71-b072-2a72976bc50b,[],null,null,174e7726-6619-4b20-a46f-f6b1a0b438dc,[],"{""logoUrl"":null,""marketingUrl"":null,""privacyStatementUrl"":null,""supportUrl"":null,""termsOfServiceUrl"":null}",null,"[{""customKeyIdentifier"":""D327474820D232949CA714A731FB2D1FFA91F74D"",""displayName"":""IS-WDL-01 2025-2026"",""endDateTime"":""2026-06-02T23:59:59Z"",""key"":null,""keyId"":""cd0a41ae-0832-46ae-bc53-b9eaa3771ba7"",""startDateTime"":""2025-05-02T00:00:00Z"",""type"":""AsymmetricX509Cert"",""usage"":""Verify""},{""customKeyIdentifier"":""1ECE178951850304DB30624EE49311A9D9423DEB"",""displayName"":""ISE-DB-01.wgu.edu - 2025-2026 Cert"",""endDateTime"":""2026-06-02T23:59:59Z"",""key"":null,""keyId"":""d852f3d9-ea82-490e-95dd-bd5f7dcf0245"",""startDateTime"":""2025-05-02T00:00:00Z"",""type"":""AsymmetricX509Cert"",""usage"":""Verify""}]",[],null,WGU_CiscoISE-to-Intune,[],Application,null,[],[],"{""redirectUris"":[]}",WesternGovernorsUniversity.onmicrosoft.com,"[{""resourceAccess"":[{""id"":""c582532d-9d9e-43bd-a97c-2667a28ce295"",""type"":""Scope""},{""id"":""5778995a-e1bf-45b8-affa-663a9f3f4d04"",""type"":""Scope""},{""id"":""3afa6a7d-9b1a-42eb-948e-1650a849e176"",""type"":""Role""}],""resourceAppId"":""00000002-0000-0000-c000-000000000000""},{""resourceAccess"":[{""id"":""7ec88bad-30c7-4928-a005-4455362cfd98"",""type"":""Role""}],""resourceAppId"":""c161e42e-d4df-4a3d-9b42-e7a3c31f59d4""},{""resourceAccess"":[{""id"":""7427e0e9-2fba-42fe-b0c0-848c9e6a8182"",""type"":""Scope""},{""id"":""e1fe6dd8-ba31-4d61-89e7-88639da4683d"",""type"":""Scope""},{""id"":""a154be20-db9c-4678-8ab7-66f6cc099a59"",""type"":""Scope""},{""id"":""06da0dbc-49e2-44d2-8312-53f166ab848a"",""type"":""Scope""},{""id"":""37f7f235-527c-4136-accd-4a02d197296e"",""type"":""Scope""},{""id"":""df021288-bdef-4463-88db-98f22de89214"",""type"":""Role""},{""id"":""7ab1d382-f21e-4acd-a863-ba3e13f7da61"",""type"":""Role""}],""resourceAppId"":""00000003-0000-0000-c000-000000000000""}]",AzureADMyOrg,null
3060174b-1622-460b-8c55-2753a3b82f56,[],null,null,17728afd-4dc9-4dd5-9a03-08f45a3f8140,[],"{""logoUrl"":null,""marketingUrl"":null,""privacyStatementUrl"":null,""supportUrl"":null,""termsOfServiceUrl"":null}",null,[],[],null,WGU_PPCoE_Activity_Log,[],Application,null,"[{""customKeyIdentifier"":null,""displayName"":""PPCoE Activity Log 2025 2026"",""endDateTime"":""2026-09-22T12:59:13.608Z"",""hint"":""gKK"",""keyId"":""6730c61b-eb57-48cb-98da-769792259405"",""secretText"":null,""startDateTime"":""2025-09-22T12:59:13.608Z""},{""customKeyIdentifier"":null,""displayName"":""10.3.2024"",""endDateTime"":""2025-10-03T16:02:56.207Z"",""hint"":""HBO"",""keyId"":""b022b6f0-34bd-43a7-9a1d-ecf02cb33da9"",""secretText"":null,""startDateTime"":""2024-10-03T16:02:56.207Z""}]",[],"{""redirectUris"":[]}",wgu.edu,"[{""resourceAccess"":[{""id"":""594c1fb6-4f81-4475-ae41-0c394909246c"",""type"":""Role""}],""resourceAppId"":""c5393580-f805-4401-95e8-94b7a6ef2fc2""},{""resourceAccess"":[{""id"":""e1fe6dd8-ba31-4d61-89e7-88639da4683d"",""type"":""Scope""}],""resourceAppId"":""00000003-0000-0000-c000-000000000000""}]",AzureADMyOrg,null
3442537e-61fd-4004-92d6-f1402ca7ee01,[],null,null,17888b2a-9669-498a-857e-38dbc46f30db,[],"{""logoUrl"":null,""marketingUrl"":null,""privacyStatementUrl"":null,""supportUrl"":null,""termsOfServiceUrl"":null}",null,[],[],null,Share Bot (Power Virtual Agents),[],Application,null,[],[],"{""redirectUris"":[]}",WesternGovernorsUniversity.onmicrosoft.com,[],AzureADMultipleOrgs,null
4c9647a2-660f-410b-9068-cac92bfec2cc,[],null,null,17d2605c-411b-4e38-9ca9-5151f8559639,[],"{""logoUrl"":null,""marketingUrl"":null,""privacyStatementUrl"":null,""supportUrl"":null,""termsOfServiceUrl"":null}",null,[],[],null,Enterprise Sub Terraform Pipeline,[],Application,null,[],[],"{""redirectUris"":[]}",WesternGovernorsUniversity.onmicrosoft.com,"[{""resourceAccess"":[{""id"":""e1fe6dd8-ba31-4d61-89e7-88639da4683d"",""type"":""Scope""},{""id"":""7ab1d382-f21e-4acd-a863-ba3e13f7da61"",""type"":""Role""},{""id"":""5b567255-7703-4780-807c-7be8301ae99b"",""type"":""Role""}],""resourceAppId"":""00000003-0000-0000-c000-000000000000""}]",AzureADMyOrg,null
bea87655-f63b-4f22-bc64-999064ebff6d,"[{""allowedMemberTypes"":[""User""],""description"":""msiam_access"",""displayName"":""msiam_access"",""id"":""5fc3c6a2-ff87-42c1-98f2-f7f878198181"",""isEnabled"":true,""origin"":""Application"",""value"":null}]",null,null,1861eb33-1604-42ef-91ad-289c2ba9e824,"[""https://app2.prismacloud.io/customer/482a68fefd8832e9b8ca938f279478ef""]","{""logoUrl"":null,""marketingUrl"":null,""privacyStatementUrl"":null,""supportUrl"":null,""termsOfServiceUrl"":null}",null,[],[],null,Prisma Cloud SSO,"[{""adminConsentDescription"":""Allow the application to access Prisma Cloud SSO on behalf of the signed-in user."",""adminConsentDisplayName"":""Access Prisma Cloud SSO"",""id"":""2f378e0e-8106-4c59-8b5c-acca1fbf8909"",""isEnabled"":true,""type"":""User"",""userConsentDescription"":""Allow the application to access Prisma Cloud SSO on your behalf."",""userConsentDisplayName"":""Access Prisma Cloud SSO"",""value"":""user_impersonation""}]",Application,null,[],[],"{""redirectUris"":[]}",WesternGovernorsUniversity.onmicrosoft.com,[],AzureADMyOrg,https://api.prismacloud.io/saml?metadata=prismacloud|ISV9.2|primary|z
3dbd8760-e3d4-4a8a-9967-a96cf7fcbadd,[],null,null,1932784f-8df5-4469-aefe-dd5a12c9628c,[],"{""logoUrl"":null,""marketingUrl"":null,""privacyStatementUrl"":null,""supportUrl"":null,""termsOfServiceUrl"":null}",null,"[{""customKeyIdentifier"":""F56BEDCCE7855F268082218A40C45A1A1511197B"",""displayName"":""Public Key"",""endDateTime"":""2029-08-14T00:00:00Z"",""key"":null,""keyId"":""92f5cdc2-0864-4000-98d3-d09626f19c22"",""startDateTime"":""2025-08-14T00:00:00Z"",""type"":""AsymmetricX509Cert"",""usage"":""Verify""}]",[],null,DocIntegrator for SharePoint Online,[],Application,null,[],[],"{""redirectUris"":[]}",WesternGovernorsUniversity.onmicrosoft.com,"[{""resourceAccess"":[{""id"":""1002502a-9a71-4426-8551-69ab83452fab"",""type"":""Scope""},{""id"":""640ddd16-e5b7-4d71-9690-3f4022699ee7"",""type"":""Scope""},{""id"":""20d37865-089c-4dee-8c41-6967602d4ac8"",""type"":""Role""}],""resourceAppId"":""00000003-0000-0ff1-ce00-000000000000""},{""resourceAccess"":[{""id"":""e1fe6dd8-ba31-4d61-89e7-88639da4683d"",""type"":""Scope""}],""resourceAppId"":""00000003-0000-0000-c000-000000000000""}]",AzureADMyOrg,null
16742f24-d515-4a4f-89d8-376ba91f08d4,[],null,null,19b48fb7-9b49-408b-9d41-5650ebd61c18,"[""https://sisportal-100940.campusnexus.cloud/CMCPortal/""]","{""logoUrl"":null,""marketingUrl"":null,""privacyStatementUrl"":null,""supportUrl"":null,""termsOfServiceUrl"":null}",null,[],[],null,100940.Cmc.Portal,"[{""adminConsentDescription"":""Allow the application to access 100940.Cmc.Portal on behalf of the signed-in user."",""adminConsentDisplayName"":""Access 100940.Cmc.Portal"",""id"":""4413d7fa-c229-4acc-b927-efc52966b33c"",""isEnabled"":true,""type"":""User"",""userConsentDescription"":""Allow the application to access 100940.Cmc.Portal on your behalf."",""userConsentDisplayName"":""Access 100940.Cmc.Portal"",""value"":""user_impersonation""}]",Application,null,[],[],"{""redirectUris"":[]}",WesternGovernorsUniversity.onmicrosoft.com,"[{""resourceAccess"":[{""id"":""e1fe6dd8-ba31-4d61-89e7-88639da4683d"",""type"":""Scope""}],""resourceAppId"":""00000003-0000-0000-c000-000000000000""},{""resourceAccess"":[{""id"":""311a71cc-e848-46a1-bdf8-97ff7156d8e6"",""type"":""Scope""}],""resourceAppId"":""00000002-0000-0000-c000-000000000000""}]",AzureADMyOrg,https://sisportal-100940.campusnexus.cloud/CMCPortal/
dfb37db8-8a9c-4601-a350-f082dfe04e4d,[],null,null,1aa6b247-c9cc-4549-b2e1-b87281e6b6f6,[],"{""logoUrl"":null,""marketingUrl"":null,""privacyStatementUrl"":null,""supportUrl"":null,""termsOfServiceUrl"":null}",null,[],[],null,kspillane-test-bot-1 (Power Virtual Agents),[],Application,null,[],[],"{""redirectUris"":[]}",WesternGovernorsUniversity.onmicrosoft.com,[],AzureADMultipleOrgs,null
9ee17f42-d398-4d44-9d0b-f6ae85931ec2,[],null,null,1b49a67b-3bfb-421c-83ad-701d72312f2d,[],"{""logoUrl"":null,""marketingUrl"":null,""privacyStatementUrl"":null,""supportUrl"":null,""termsOfServiceUrl"":null}",null,"[{""customKeyIdentifier"":""3C8B11B7E8F73B73D49CB01241680ED56C9ED34F"",""displayName"":""CN=service.prod.powerva.microsoft.com"",""endDateTime"":""2025-04-09T04:01:28Z"",""key"":null,""keyId"":""6d8452a2-3576-48f4-8b81-90edb44cb669"",""startDateTime"":""2024-04-14T04:01:28Z"",""type"":""AsymmetricX509Cert"",""usage"":""Verify""},{""customKeyIdentifier"":""59A991028772267744493E7A4164426A21F3103A"",""displayName"":""CN=service.prod.powerva.microsoft.com"",""endDateTime"":""2025-07-03T04:08:33Z"",""key"":null,""keyId"":""8deb6c59-808a-45e1-b370-2412a6f71742"",""startDateTime"":""2024-07-08T04:08:33Z"",""type"":""AsymmetricX509Cert"",""usage"":""Verify""},{""customKeyIdentifier"":""B5774F96F144813C9F46C408A88195B7A527AEB5"",""displayName"":""CN=service.prod.powerva.microsoft.com"",""endDateTime"":""2025-09-26T18:52:45Z"",""key"":null,""keyId"":""c69f1e47-2111-47b3-bd22-0fea58523fde"",""startDateTime"":""2024-10-01T18:52:45Z"",""type"":""AsymmetricX509Cert"",""usage"":""Verify""},{""customKeyIdentifier"":""38CE15E6B5307C224816FFCC6BFD2D0259F51B8B"",""displayName"":""CN=service.prod.powerva.microsoft.com"",""endDateTime"":""2025-06-24T06:58:49Z"",""key"":null,""keyId"":""faf4f128-8220-44c9-b44b-ff1b80be2ff5"",""startDateTime"":""2024-12-26T06:58:49Z"",""type"":""AsymmetricX509Cert"",""usage"":""Verify""}]",[],null,Copilot 1 (Microsoft Copilot Studio),[],Application,null,[],[],"{""redirectUris"":[]}",WesternGovernorsUniversity.onmicrosoft.com,[],AzureADMultipleOrgs,null
ce086473-2d7f-408f-9757-62f2b3defbd3,[],null,null,1b6f1d4e-f032-4e3f-baa8-631ce0ba331d,[],"{""logoUrl"":null,""marketingUrl"":null,""privacyStatementUrl"":null,""supportUrl"":null,""termsOfServiceUrl"":null}",null,[],[],null,D365 Sales Agent - Readiness (Microsoft Copilot Studio),[],Application,null,[],[],"{""redirectUris"":[]}",WesternGovernorsUniversity.onmicrosoft.com,[],AzureADMyOrg,null
126c4092-c9da-4423-9dce-516d3a3d7e19,[],null,null,1bd7127b-9b11-4d7a-bedb-19edcbaf2298,[],"{""logoUrl"":null,""marketingUrl"":null,""privacyStatementUrl"":null,""supportUrl"":null,""termsOfServiceUrl"":null}",null,[],[],null,Annoucements,[],Application,null,"[{""customKeyIdentifier"":null,""displayName"":null,""endDateTime"":""2099-12-31T12:00:00Z"",""hint"":""VPt"",""keyId"":""da9df2a7-67d1-4229-8e9d-b954e87c6c09"",""secretText"":null,""startDateTime"":""2017-09-21T15:24:31.0074596Z""}]",[],"{""redirectUris"":[]}",WesternGovernorsUniversity.onmicrosoft.com,"[{""resourceAccess"":[{""id"":""e1fe6dd8-ba31-4d61-89e7-88639da4683d"",""type"":""Scope""}],""resourceAppId"":""00000003-0000-0000-c000-000000000000""}]",AzureADandPersonalMicrosoftAccount,null
72f39aac-111b-4b7c-9bb5-317396160d42,[],null,null,1bfa6983-ff9f-4c98-bd02-c3a4f44b6ee3,[],"{""logoUrl"":null,""marketingUrl"":null,""privacyStatementUrl"":null,""supportUrl"":null,""termsOfServiceUrl"":null}",null,[],[],null,Stage Sub Terraform Pipeline,[],Application,null,[],[],"{""redirectUris"":[]}",WesternGovernorsUniversity.onmicrosoft.com,"[{""resourceAccess"":[{""id"":""e1fe6dd8-ba31-4d61-89e7-88639da4683d"",""type"":""Scope""},{""id"":""7ab1d382-f21e-4acd-a863-ba3e13f7da61"",""type"":""Role""},{""id"":""5b567255-7703-4780-807c-7be8301ae99b"",""type"":""Role""}],""resourceAppId"":""00000003-0000-0000-c000-000000000000""}]",AzureADMyOrg,null
226cc32e-c74a-4b71-932d-d5727fb79b62,"[{""allowedMemberTypes"":[""User""],""description"":""User"",""displayName"":""User"",""id"":""8774f594-1d59-4279-b9d9-59ef09a23530"",""isEnabled"":true,""origin"":""Application"",""value"":null},{""allowedMemberTypes"":[""User""],""description"":""msiam_access"",""displayName"":""msiam_access"",""id"":""e7f1a7f3-9eda-48e0-9963-bd67bf531afd"",""isEnabled"":true,""origin"":""Application"",""value"":null}]",null,null,1d44142b-2d77-4644-843d-0133b5f01ea2,"[""https://us-west-2.signin.aws.amazon.com/platform/saml/d-92674e19b6""]","{""logoUrl"":null,""marketingUrl"":null,""privacyStatementUrl"":null,""supportUrl"":null,""termsOfServiceUrl"":null}",null,[],[],null,AWS IAM Identity Center (successor to AWS Single Sign-On),"[{""adminConsentDescription"":""Allow the application to access AWS IAM Identity Center (successor to AWS Single Sign-On) on behalf of the signed-in user."",""adminConsentDisplayName"":""Access AWS IAM Identity Center (successor to AWS Single Sign-On)"",""id"":""406ada55-1fdc-4d90-9ed8-cf12fa861319"",""isEnabled"":true,""type"":""User"",""userConsentDescription"":""Allow the application to access AWS IAM Identity Center (successor to AWS Single Sign-On) on your behalf."",""userConsentDisplayName"":""Access AWS IAM Identity Center (successor to AWS Single Sign-On)"",""value"":""user_impersonation""}]",Application,null,[],[],"{""redirectUris"":[]}",WesternGovernorsUniversity.onmicrosoft.com,[],AzureADMyOrg,https://*.signin.aws.amazon.com/platform/saml/acs/*?metadata=awssinglesignon|ISV9.1|primary|z
bc02a02d-b854-4c8d-849f-aa6981ed40bb,[],null,null,1d51d30b-d198-4784-af48-470faba6526a,"[""https://WesternGovernorsUniversity.onmicrosoft.com/d98053a9-7c60-456f-9227-d81c7d20f606""]","{""logoUrl"":null,""marketingUrl"":null,""privacyStatementUrl"":null,""supportUrl"":null,""termsOfServiceUrl"":null}",null,[],[],null,MyEducator Add-in,"[{""adminConsentDescription"":""Allow the application to access MyEducator Add-in on behalf of the signed-in user."",""adminConsentDisplayName"":""Access MyEducator Add-in"",""id"":""7b3bbc6b-a301-4612-8b3f-0bbeca858422"",""isEnabled"":true,""type"":""User"",""userConsentDescription"":""Allow the application to access MyEducator Add-in on your behalf."",""userConsentDisplayName"":""Access MyEducator Add-in"",""value"":""user_impersonation""}]",Application,null,[],[],"{""redirectUris"":[]}",WesternGovernorsUniversity.onmicrosoft.com,[],AzureADMyOrg,null
b9a28994-36d3-494f-aae4-2d044cabf11d,[],null,null,1dbc3d5b-d268-4613-9a7e-1a645ba97a77,[],"{""logoUrl"":null,""marketingUrl"":null,""privacyStatementUrl"":null,""supportUrl"":null,""termsOfServiceUrl"":null}",null,[],[],null,Quality Evaluation Agent - Incident (Microsoft Copilot Studio),[],Application,null,[],[],"{""redirectUris"":[]}",WesternGovernorsUniversity.onmicrosoft.com,[],AzureADMyOrg,null
102af0eb-5049-4d76-aebd-f5996a9d2494,[],null,null,1dcf7a66-f91c-4106-8ee3-4efd2f2f7e21,[],"{""logoUrl"":""https://aadcdn.msftauthimages.net/dbd5a2dd-9xbkby9n4z7idtj7vbgnjjackquw6b-s41poipk08m0/appbranding/rlaqegynhxdk7qcu7enfhtqo6mllqvtdsmexz9maloc/1033/bannerlogo?ts=638018134798566329"",""marketingUrl"":null,""privacyStatementUrl"":""https://www.wgu.edu/privacy.html"",""supportUrl"":null,""termsOfServiceUrl"":null}",null,[],[],null,wgu_HylandOnBaseMailboxImporter,[],Application,null,"[{""customKeyIdentifier"":null,""displayName"":""HylandOnBaseMailboxImporter_2025_2026"",""endDateTime"":""2026-09-05T21:51:30.061Z"",""hint"":""N_c"",""keyId"":""6c935ca4-fe30-4c28-9f81-bd8aa166c2fd"",""secretText"":null,""startDateTime"":""2025-09-05T21:51:30.061Z""},{""customKeyIdentifier"":null,""displayName"":""HylandOnBaseMailboxImporter_2024_2025"",""endDateTime"":""2025-09-30T15:17:40.492Z"",""hint"":""WxU"",""keyId"":""71d0c3f3-412f-4b1e-9ce2-7b5f76fe3010"",""secretText"":null,""startDateTime"":""2024-09-30T15:17:40.492Z""},{""customKeyIdentifier"":null,""displayName"":""HylandOnBaseMailboxImporter_2023_2024"",""endDateTime"":""2024-10-01T15:03:15.997Z"",""hint"":""0Hl"",""keyId"":""20e51340-eb7b-41a5-aadd-8b448ad37bbf"",""secretText"":null,""startDateTime"":""2023-10-02T15:03:15.997Z""},{""customKeyIdentifier"":null,""displayName"":""10-17-22"",""endDateTime"":""2023-10-19T22:05:25.165Z"",""hint"":""GTo"",""keyId"":""5da5e095-7809-4a24-bb68-8bb5950843fc"",""secretText"":null,""startDateTime"":""2022-10-19T22:05:25.165Z""}]",[],"{""redirectUris"":[]}",WesternGovernorsUniversity.onmicrosoft.com,"[{""resourceAccess"":[{""id"":""75359482-378d-4052-8f01-80520e7db3cd"",""type"":""Role""},{""id"":""e2a3a72e-5f79-4c64-b1b1-878b674786c9"",""type"":""Role""}],""resourceAppId"":""00000003-0000-0000-c000-000000000000""}]",AzureADMyOrg,null
310f03f4-4c0f-4469-bc24-fbce0529ca51,[],null,null,1e3af020-0fcd-4c15-8e38-96b50b217257,"[""http://myaks01SP-20201228151858""]","{""logoUrl"":null,""marketingUrl"":null,""privacyStatementUrl"":null,""supportUrl"":null,""termsOfServiceUrl"":null}",null,[],[],null,myaks01SP-20201228151858,"[{""adminConsentDescription"":""Allow the application to access myaks01SP-20201228151858 on behalf of the signed-in user."",""adminConsentDisplayName"":""Access myaks01SP-20201228151858"",""id"":""0e3c57a7-19c2-4742-9837-6403263853df"",""isEnabled"":true,""type"":""User"",""userConsentDescription"":""Allow the application to access myaks01SP-20201228151858 on your behalf."",""userConsentDisplayName"":""Access myaks01SP-20201228151858"",""value"":""user_impersonation""}]",Application,null,[],[],"{""redirectUris"":[]}",WesternGovernorsUniversity.onmicrosoft.com,[],AzureADMyOrg,http://myaks01SP-20201228151858
5533d15d-8141-4c12-83ca-c68d6d677c8c,[],null,null,1e65efde-3855-4f9a-ad87-8b49cc3b2c20,[],"{""logoUrl"":null,""marketingUrl"":null,""privacyStatementUrl"":null,""supportUrl"":null,""termsOfServiceUrl"":null}",null,[],[],null,Workday Interview Scheduling  Teams Web Conference,[],Application,null,"[{""customKeyIdentifier"":null,""displayName"":""Secret for the Workday Interview Scheduling App"",""endDateTime"":""2025-01-03T22:37:23.747Z"",""hint"":""Efz"",""keyId"":""057381ec-176a-4431-ad2d-da20715cb9d4"",""secretText"":null,""startDateTime"":""2024-01-04T22:37:23.747Z""}]",[],"{""redirectUris"":[]}",WesternGovernorsUniversity.onmicrosoft.com,"[{""resourceAccess"":[{""id"":""a65f2972-a4f8-4f5e-afd7-69ccb046d5dc"",""type"":""Scope""},{""id"":""e1fe6dd8-ba31-4d61-89e7-88639da4683d"",""type"":""Scope""}],""resourceAppId"":""00000003-0000-0000-c000-000000000000""}]",AzureADMyOrg,null
a3b1d577-1891-4a15-9c60-1b3458440cf5,[],null,null,1eaa8319-7332-4679-8540-f4592b030e0d,[],"{""logoUrl"":null,""marketingUrl"":null,""privacyStatementUrl"":null,""supportUrl"":null,""termsOfServiceUrl"":null}",null,[],[],null,Agent (Microsoft Copilot Studio),[],Application,null,[],[],"{""redirectUris"":[]}",WesternGovernorsUniversity.onmicrosoft.com,[],AzureADMyOrg,null
b2db390c-f34d-47ad-8bcd-e50100c78fe3,[],null,null,2043a1fc-7f48-4e2f-9490-a0baaa24ff2b,[],"{""logoUrl"":null,""marketingUrl"":null,""privacyStatementUrl"":null,""supportUrl"":null,""termsOfServiceUrl"":null}",null,[],[],null,Sales Copilot Power Virtual Agents Bot (Power Virtual Agents),[],Application,null,[],[],"{""redirectUris"":[]}",WesternGovernorsUniversity.onmicrosoft.com,[],AzureADMultipleOrgs,null
d5e69c12-4a4f-40f1-8ba5-e30e8acf34dd,[],null,null,208079bd-c262-4c51-96c9-c0929a65ef58,"[""https://spn/cmG9qWa%2bVYtA03FLWh7UpHGbM1GzWv8isLH%2fBypgmbo%3d""]","{""logoUrl"":null,""marketingUrl"":null,""privacyStatementUrl"":null,""supportUrl"":null,""termsOfServiceUrl"":null}",null,"[{""customKeyIdentifier"":""3B1D573881E1E2022583886009E0197F8DB3F1C3"",""displayName"":null,""endDateTime"":""2021-10-31T00:00:00Z"",""key"":null,""keyId"":""1fc2b01e-c945-4d83-bcdd-de5e151a054f"",""startDateTime"":""2020-10-30T00:00:00Z"",""type"":""AsymmetricX509Cert"",""usage"":""Verify""}]",[],null,testautome_cmG9qWa+VYtA03FLWh7UpHGbM1GzWv8isLH/Bypgmbo=,"[{""adminConsentDescription"":""Allow the application to access testautome_cmG9qWa+VYtA03FLWh7UpHGbM1GzWv8isLH/Bypgmbo= on behalf of the signed-in user."",""adminConsentDisplayName"":""Access testautome_cmG9qWa+VYtA03FLWh7UpHGbM1GzWv8isLH/Bypgmbo="",""id"":""c31b6112-193f-484b-b99d-90c84e8c10d4"",""isEnabled"":true,""type"":""User"",""userConsentDescription"":""Allow the application to access testautome_cmG9qWa+VYtA03FLWh7UpHGbM1GzWv8isLH/Bypgmbo= on your behalf."",""userConsentDisplayName"":""Access testautome_cmG9qWa+VYtA03FLWh7UpHGbM1GzWv8isLH/Bypgmbo="",""value"":""user_impersonation""}]",Application,null,[],[],"{""redirectUris"":[]}",WesternGovernorsUniversity.onmicrosoft.com,[],AzureADMyOrg,https://management.azure.com//subscriptions/75cda46a-127d-4b4d-9b3a-922c6b495dc1/resourceGroups/testrg/providers/Microsoft.Automation/automationAccounts/testautome
da27fb31-629c-4cec-9352-7adab5799986,[],null,null,20f8470d-a827-423c-b6d2-34242efd8107,[],"{""logoUrl"":null,""marketingUrl"":null,""privacyStatementUrl"":null,""supportUrl"":null,""termsOfServiceUrl"":null}",null,[],[],null,300940-Dev Campus Management Native Apps ,[],Application,null,[],[],"{""redirectUris"":[""cmcapi://609e9310-7447-46ba-b8f0-00dcd62ddf90"",""https://workflow-Dev-300940.campusnexus.cloud""]}",WesternGovernorsUniversity.onmicrosoft.com,"[{""resourceAccess"":[{""id"":""e1fe6dd8-ba31-4d61-89e7-88639da4683d"",""type"":""Scope""}],""resourceAppId"":""00000003-0000-0000-c000-000000000000""},{""resourceAccess"":[{""id"":""56b50eb9-aac3-446d-b561-228362ea2da2"",""type"":""Scope""}],""resourceAppId"":""9c5c3ac7-64c2-41e7-ae95-0c4c2edbb03a""}]",AzureADMultipleOrgs,null
269c90b3-699d-425d-b8b9-f0cd4fa5093e,[],null,null,2165f053-2d08-4ae9-8c2c-94fa48d00b4d,"[""https://fbrenderer-100940.campusnexus.cloud/""]","{""logoUrl"":null,""marketingUrl"":null,""privacyStatementUrl"":null,""supportUrl"":null,""termsOfServiceUrl"":null}",null,[],[],null,100940.Cmc.FbRenderer,"[{""adminConsentDescription"":""Allow the application to access 100940.Cmc.FbRenderer on behalf of the signed-in user."",""adminConsentDisplayName"":""Access 100940.Cmc.FbRenderer"",""id"":""c5eeca62-bdc4-4f1f-9444-1d2bfb9f6a50"",""isEnabled"":true,""type"":""User"",""userConsentDescription"":""Allow the application to access 100940.Cmc.FbRenderer on your behalf."",""userConsentDisplayName"":""Access 100940.Cmc.FbRenderer"",""value"":""user_impersonation""}]",Application,null,[],[],"{""redirectUris"":[]}",WesternGovernorsUniversity.onmicrosoft.com,"[{""resourceAccess"":[{""id"":""e1fe6dd8-ba31-4d61-89e7-88639da4683d"",""type"":""Scope""}],""resourceAppId"":""00000003-0000-0000-c000-000000000000""},{""resourceAccess"":[{""id"":""311a71cc-e848-46a1-bdf8-97ff7156d8e6"",""type"":""Scope""}],""resourceAppId"":""00000002-0000-0000-c000-000000000000""}]",AzureADMyOrg,https://fbrenderer-100940.campusnexus.cloud/
dc2c98ee-d82f-46b9-9917-3ef8032447d7,[],null,null,217bf141-e293-4c1c-b9e9-e432c79c574d,[],"{""logoUrl"":null,""marketingUrl"":null,""privacyStatementUrl"":null,""supportUrl"":null,""termsOfServiceUrl"":null}",null,[],[],null,WGUBot,[],Application,null,"[{""customKeyIdentifier"":null,""displayName"":null,""endDateTime"":""2026-05-25T00:00:00Z"",""hint"":""8mk"",""keyId"":""14320614-f606-4445-8957-d1e2b4f9759a"",""secretText"":null,""startDateTime"":""2021-05-25T20:19:54.937898Z""}]",[],"{""redirectUris"":[]}",WesternGovernorsUniversity.onmicrosoft.com,[],AzureADandPersonalMicrosoftAccount,null
f35a951a-44c1-429d-90fb-7415858adc36,[],null,null,21a9491d-45af-4cba-a1f4-a9a6e5c0c7a9,[],"{""logoUrl"":null,""marketingUrl"":null,""privacyStatementUrl"":null,""supportUrl"":null,""termsOfServiceUrl"":null}",null,[],[],null,EPD Buddy (Microsoft Copilot Studio),[],Application,null,[],[],"{""redirectUris"":[]}",WesternGovernorsUniversity.onmicrosoft.com,[],AzureADMyOrg,null
7a058df2-3fea-42c7-a58c-41db9154eefc,[],null,null,223f1d0c-036e-484e-9b08-688fd1a0dbe1,[],"{""logoUrl"":null,""marketingUrl"":null,""privacyStatementUrl"":null,""supportUrl"":null,""termsOfServiceUrl"":null}",null,[],[],null,Microsoft-Graph-UWP-Connect-SDK,[],Application,null,[],[],"{""redirectUris"":[""ms-appx-web://microsoft.aad.brokerplugin/S-1-15-2-3136318051-2863535390-866185233-1983906075-1209687845-1737711189-2973269819""]}",null,"[{""resourceAccess"":[{""id"":""1ec239c2-d7c9-4623-a91a-a9775856bb36"",""type"":""Scope""},{""id"":""12466101-c9b8-439a-8589-dd09ee67e8e9"",""type"":""Scope""},{""id"":""2b9c4092-424d-4249-948d-b43879977640"",""type"":""Scope""},{""id"":""465a38f9-76ea-45b9-9f34-9e8b0d4b0b42"",""type"":""Scope""}],""resourceAppId"":""00000003-0000-0000-c000-000000000000""}]",AzureADMultipleOrgs,null
03ee9916-b6a8-4bbe-a471-1ca3007f1ccc,"[{""allowedMemberTypes"":[""User""],""description"":""User"",""displayName"":""User"",""id"":""18d14569-c3bd-439b-9a66-3a2aee01d14f"",""isEnabled"":true,""origin"":""Application"",""value"":null},{""allowedMemberTypes"":[""User""],""description"":""msiam_access"",""displayName"":""msiam_access"",""id"":""b9632174-c057-4f7e-951b-be3adc52bfe6"",""isEnabled"":true,""origin"":""Application"",""value"":null}]",null,ApplicationGroup,22b35034-4f9a-4c97-b436-6451f7319937,"[""urn:auth0:confluent:wgu""]","{""logoUrl"":null,""marketingUrl"":null,""privacyStatementUrl"":null,""supportUrl"":null,""termsOfServiceUrl"":null}",null,[],[],null,WGU Confluent SSO ,"[{""adminConsentDescription"":""Allow the application to access WGU Confluent SSO  on behalf of the signed-in user."",""adminConsentDisplayName"":""Access WGU Confluent SSO "",""id"":""e5e07733-63d2-4e0b-8ea6-044730c53333"",""isEnabled"":true,""type"":""User"",""userConsentDescription"":""Allow the application to access WGU Confluent SSO  on your behalf."",""userConsentDisplayName"":""Access WGU Confluent SSO "",""value"":""user_impersonation""}]",Application,"{""accessToken"":[],""idToken"":[],""saml2Token"":[{""additionalProperties"":[""sam_account_name"",""cloud_displayname""],""essential"":false,""name"":""groups"",""source"":null}]}",[],[],"{""redirectUris"":[]}",WesternGovernorsUniversity.onmicrosoft.com,[],AzureADMyOrg,https://account.activedirectory.windowsazure.com:444/applications/default.aspx?metadata=customappsso|ISV9.1|primary|z
1f16a798-2914-496b-b39c-d401edea451c,[],null,null,23014c3d-122b-4d22-8b6a-b9298bdd544b,[],"{""logoUrl"":null,""marketingUrl"":null,""privacyStatementUrl"":null,""supportUrl"":null,""termsOfServiceUrl"":null}",null,[],[],null,QualityEvaluationAgentForConversation (Microsoft Copilot Studio),[],Application,null,[],[],"{""redirectUris"":[]}",WesternGovernorsUniversity.onmicrosoft.com,[],AzureADMyOrg,null
e3861655-f0a0-4e7c-9ade-e6036d6b6711,[],null,null,23278d90-d7af-4778-8ded-ccf2bf811ef5,[],"{""logoUrl"":null,""marketingUrl"":null,""privacyStatementUrl"":null,""supportUrl"":null,""termsOfServiceUrl"":null}",null,[],[],null,Stakeholder Agent (Microsoft Copilot Studio),[],Application,null,[],[],"{""redirectUris"":[]}",WesternGovernorsUniversity.onmicrosoft.com,[],AzureADMyOrg,null
d3b7bf4e-8295-4fa9-8828-e3cb1032166d,[],null,null,23523e2f-b6cb-4a44-a877-32cffd99bd78,[],"{""logoUrl"":null,""marketingUrl"":null,""privacyStatementUrl"":null,""supportUrl"":null,""termsOfServiceUrl"":null}",null,[],[],null,Agent (Microsoft Copilot Studio),[],Application,null,[],[],"{""redirectUris"":[]}",WesternGovernorsUniversity.onmicrosoft.com,[],AzureADMyOrg,null
aef3ca4c-6049-4f41-aab9-ac7de01a179e,[],null,null,23727105-e892-40ab-9386-f23ec79e2e6c,[],"{""logoUrl"":null,""marketingUrl"":null,""privacyStatementUrl"":null,""supportUrl"":null,""termsOfServiceUrl"":null}",null,[],[],null,Customer Service Copilot Bot (Power Virtual Agents),[],Application,null,[],[],"{""redirectUris"":[]}",WesternGovernorsUniversity.onmicrosoft.com,[],AzureADMultipleOrgs,null
c738effa-73d9-4311-b069-d68c44c8c0ee,[],null,null,239fc83d-a8e8-4079-876a-15b68855a0aa,[],"{""logoUrl"":null,""marketingUrl"":null,""privacyStatementUrl"":null,""supportUrl"":null,""termsOfServiceUrl"":null}",null,[],[],null,Agent (Microsoft Copilot Studio),[],Application,null,[],[],"{""redirectUris"":[]}",WesternGovernorsUniversity.onmicrosoft.com,[],AzureADMyOrg,null
4ff602b7-154b-48e2-95c2-dc6e7193b3a4,[],null,null,24cba039-4650-42bf-9470-08255f45e320,[],"{""logoUrl"":null,""marketingUrl"":null,""privacyStatementUrl"":null,""supportUrl"":null,""termsOfServiceUrl"":null}",null,[],[],null,D365 Sales Agent - Research (Microsoft Copilot Studio),[],Application,null,[],[],"{""redirectUris"":[]}",WesternGovernorsUniversity.onmicrosoft.com,[],AzureADMyOrg,null
7a02a407-370e-4359-acfa-98d247bbbb28,[],null,null,251a01b7-5c2b-47d8-8250-8f6b89de47d8,[],"{""logoUrl"":null,""marketingUrl"":null,""privacyStatementUrl"":null,""supportUrl"":null,""termsOfServiceUrl"":null}",null,[],[],null,D365 Sales Agent - Research (Microsoft Copilot Studio),[],Application,null,[],[],"{""redirectUris"":[]}",WesternGovernorsUniversity.onmicrosoft.com,[],AzureADMyOrg,null
2057d84e-bcf4-4cf6-a109-2b4496d20d79,[],null,null,25d5e818-81ff-48ca-a7bf-4efae717f0ab,[],"{""logoUrl"":null,""marketingUrl"":null,""privacyStatementUrl"":null,""supportUrl"":null,""termsOfServiceUrl"":null}",null,[],[],null,Customer Service Copilot Bot (Power Virtual Agents),[],Application,null,[],[],"{""redirectUris"":[]}",WesternGovernorsUniversity.onmicrosoft.com,[],AzureADMultipleOrgs,null
cec00f9e-b4f8-423a-a083-681f7dae2069,[],null,null,261a98f5-606f-4a9a-b5df-e6a93967daa7,"[""https://westerngovernorsuniversity.onmicrosoft.com/WGUSkype""]","{""logoUrl"":null,""marketingUrl"":null,""privacyStatementUrl"":null,""supportUrl"":null,""termsOfServiceUrl"":null}",null,[],[],null,WGUSkype,"[{""adminConsentDescription"":""Allow the application to access WGUSkype on behalf of the signed-in user."",""adminConsentDisplayName"":""Access WGUSkype"",""id"":""ee81dad4-847b-49af-96c9-1a43706ff781"",""isEnabled"":true,""type"":""User"",""userConsentDescription"":""Allow the application to access WGUSkype on your behalf."",""userConsentDisplayName"":""Access WGUSkype"",""value"":""user_impersonation""}]",Application,null,[],[],"{""redirectUris"":[]}",null,"[{""resourceAccess"":[{""id"":""311a71cc-e848-46a1-bdf8-97ff7156d8e6"",""type"":""Scope""}],""resourceAppId"":""00000002-0000-0000-c000-000000000000""}]",AzureADMyOrg,https://login.microsoftonline.com/?whr=wgu.edu
97854bf8-c0af-4361-8f3f-794c751b616f,[],null,null,266c569e-1282-47b2-a6f3-b4c2edd4eba1,[],"{""logoUrl"":null,""marketingUrl"":null,""privacyStatementUrl"":null,""supportUrl"":null,""termsOfServiceUrl"":null}",null,[],[],null,Sales Copilot Power Virtual Agents Bot (Microsoft Copilot Studio),[],Application,null,[],[],"{""redirectUris"":[]}",WesternGovernorsUniversity.onmicrosoft.com,[],AzureADMyOrg,null
d04edf02-3101-4ca1-b0c3-13c0846cbef9,[],null,null,2675203e-1dc1-4f6b-b0d9-84961c4b2dcd,[],"{""logoUrl"":null,""marketingUrl"":null,""privacyStatementUrl"":null,""supportUrl"":null,""termsOfServiceUrl"":null}",null,[],[],null,Financial Services Leadership,[],Application,null,[],[],"{""redirectUris"":[]}",WesternGovernorsUniversity.onmicrosoft.com,[],AzureADMyOrg,null
04fbf344-0075-4dd6-9de5-f02b5e21b1f9,"[{""allowedMemberTypes"":[""User""],""description"":""msiam_access"",""displayName"":""msiam_access"",""id"":""4184ffe1-9e12-4b96-8db9-ce1fffcb916e"",""isEnabled"":true,""origin"":""Application"",""value"":null},{""allowedMemberTypes"":[""User""],""description"":""User"",""displayName"":""User"",""id"":""41e7e916-d810-4401-a9d0-8d57aeb22c38"",""isEnabled"":true,""origin"":""Application"",""value"":null}]",null,null,26896c70-8637-4b7e-afd1-519d5f925c15,[],"{""logoUrl"":null,""marketingUrl"":null,""privacyStatementUrl"":null,""supportUrl"":null,""termsOfServiceUrl"":null}",null,[],[],null,WGU Azure Sync,"[{""adminConsentDescription"":""Allow the application to access Cisco Webex Identity on behalf of the signed-in user."",""adminConsentDisplayName"":""Access Cisco Webex Identity"",""id"":""8a0fbb84-5a94-4d3e-9335-887b6b797c6a"",""isEnabled"":true,""type"":""User"",""userConsentDescription"":""Allow the application to access Cisco Webex Identity on your behalf."",""userConsentDisplayName"":""Access Cisco Webex Identity"",""value"":""user_impersonation""}]",Application,null,[],[],"{""redirectUris"":[]}",WesternGovernorsUniversity.onmicrosoft.com,[],AzureADMyOrg,https://idbroker.webex.com/idb/Consumer/metaAlias/*?metadata=ciscospark|ISV9.1|primary|z
cbfbef02-90a3-452d-be9a-b4d0ad4ecd55,[],null,null,2708f080-0f61-4a9b-b3f1-12a357d4092c,[],"{""logoUrl"":null,""marketingUrl"":null,""privacyStatementUrl"":null,""supportUrl"":null,""termsOfServiceUrl"":null}",null,[],[],null,CSKnowledgeHarvestV2 (Microsoft Copilot Studio),[],Application,null,[],[],"{""redirectUris"":[]}",WesternGovernorsUniversity.onmicrosoft.com,[],AzureADMultipleOrgs,null
b274ae39-f22d-4fe5-8f40-159bb046fae8,[],null,null,2748fbf0-bc99-4e2a-901f-16ec9ca353f0,[],"{""logoUrl"":null,""marketingUrl"":null,""privacyStatementUrl"":null,""supportUrl"":null,""termsOfServiceUrl"":null}",null,[],[],https://keycloak.10.37.3.36.nip.io/auth/realms/demo/protocol/openid-connect/logout,keycloak-wgu,[],Application,null,"[{""customKeyIdentifier"":null,""displayName"":null,""endDateTime"":""2099-12-31T12:00:00Z"",""hint"":""idK"",""keyId"":""454e727f-10cd-430d-8115-6b06e70cfd1e"",""secretText"":null,""startDateTime"":""2018-10-11T16:07:44.7588923Z""}]",[],"{""redirectUris"":[]}",null,"[{""resourceAccess"":[{""id"":""e1fe6dd8-ba31-4d61-89e7-88639da4683d"",""type"":""Scope""}],""resourceAppId"":""00000003-0000-0000-c000-000000000000""}]",AzureADandPersonalMicrosoftAccount,https://frontend.10.37.3.36.nip.io
241a206d-79e7-47c9-a129-ee644589ea4a,[],null,null,279b7aeb-3fe2-48d3-ab6e-55028a04323d,[],"{""logoUrl"":null,""marketingUrl"":null,""privacyStatementUrl"":null,""supportUrl"":null,""termsOfServiceUrl"":null}",null,"[{""customKeyIdentifier"":""59A991028772267744493E7A4164426A21F3103A"",""displayName"":""CN=service.prod.powerva.microsoft.com"",""endDateTime"":""2025-07-03T04:08:33Z"",""key"":null,""keyId"":""9c6bb19e-3663-4b77-9288-7e38dd29aed2"",""startDateTime"":""2024-07-08T04:08:33Z"",""type"":""AsymmetricX509Cert"",""usage"":""Verify""},{""customKeyIdentifier"":""B5774F96F144813C9F46C408A88195B7A527AEB5"",""displayName"":""CN=service.prod.powerva.microsoft.com"",""endDateTime"":""2025-09-26T18:52:45Z"",""key"":null,""keyId"":""d40a1569-4028-404d-8e52-e4a1bcce5a93"",""startDateTime"":""2024-10-01T18:52:45Z"",""type"":""AsymmetricX509Cert"",""usage"":""Verify""},{""customKeyIdentifier"":""38CE15E6B5307C224816FFCC6BFD2D0259F51B8B"",""displayName"":""CN=service.prod.powerva.microsoft.com"",""endDateTime"":""2025-06-24T06:58:49Z"",""key"":null,""keyId"":""bd7f1f23-a99f-4996-8f0e-d2d93e37aee0"",""startDateTime"":""2024-12-26T06:58:49Z"",""type"":""AsymmetricX509Cert"",""usage"":""Verify""}]",[],null,Frank's Friend 1 (Microsoft Copilot Studio),[],Application,null,[],[],"{""redirectUris"":[]}",WesternGovernorsUniversity.onmicrosoft.com,[],AzureADMyOrg,null
065dc884-9f68-4e9b-b369-8f7ae45fd2ec,[],null,null,27ce3471-c2ab-457d-8d33-072e6926c523,[],"{""logoUrl"":null,""marketingUrl"":null,""privacyStatementUrl"":null,""supportUrl"":null,""termsOfServiceUrl"":null}",null,[],[],null,My UWP App,[],Application,null,[],[],"{""redirectUris"":[""msal065dc884-9f68-4e9b-b369-8f7ae45fd2ec://auth""]}",null,"[{""resourceAccess"":[{""id"":""e1fe6dd8-ba31-4d61-89e7-88639da4683d"",""type"":""Scope""}],""resourceAppId"":""00000003-0000-0000-c000-000000000000""}]",AzureADandPersonalMicrosoftAccount,null
e8f9069b-0083-4f49-96c2-58a4ad252221,[],null,null,288e170d-3fca-4ec7-94df-0210173e68fc,[],"{""logoUrl"":null,""marketingUrl"":null,""privacyStatementUrl"":null,""supportUrl"":null,""termsOfServiceUrl"":null}",null,[],[],null,Azure FinOPS,[],Application,null,"[{""customKeyIdentifier"":null,""displayName"":""2025-2026"",""endDateTime"":""2026-09-18T20:43:33.546Z"",""hint"":""dL6"",""keyId"":""81cc993f-55b0-48fa-9c99-3bdd42e095e5"",""secretText"":null,""startDateTime"":""2025-09-18T20:43:33.546Z""}]",[],"{""redirectUris"":[]}",WesternGovernorsUniversity.onmicrosoft.com,"[{""resourceAccess"":[{""id"":""e1fe6dd8-ba31-4d61-89e7-88639da4683d"",""type"":""Scope""}],""resourceAppId"":""00000003-0000-0000-c000-000000000000""}]",AzureADMyOrg,null
24348049-fd0e-4cc7-b5ff-43f00d71e417,[],null,null,28d01569-a40f-4d05-b0e9-ff192e43562b,[],"{""logoUrl"":null,""marketingUrl"":null,""privacyStatementUrl"":null,""supportUrl"":null,""termsOfServiceUrl"":null}",null,[],[],null,D365 Sales FIRE Agent - Rating Generator (Microsoft Copilot Studio),[],Application,null,[],[],"{""redirectUris"":[]}",WesternGovernorsUniversity.onmicrosoft.com,[],AzureADMyOrg,null
1a017835-9fb0-4fda-8ebe-e7f4f4befeb2,"[{""allowedMemberTypes"":[""User""],""description"":""User"",""displayName"":""User"",""id"":""18d14569-c3bd-439b-9a66-3a2aee01d14f"",""isEnabled"":true,""origin"":""Application"",""value"":null},{""allowedMemberTypes"":[""User""],""description"":""msiam_access"",""displayName"":""msiam_access"",""id"":""b9632174-c057-4f7e-951b-be3adc52bfe6"",""isEnabled"":true,""origin"":""Application"",""value"":null}]",null,null,28d9294f-9f8f-4c87-96b0-057f63ac216d,[],"{""logoUrl"":null,""marketingUrl"":null,""privacyStatementUrl"":null,""supportUrl"":null,""termsOfServiceUrl"":null}",null,[],[],null,PoliteMail Internal Comms Integration,"[{""adminConsentDescription"":""Allow the application to access PoliteMail Internal Comms Integration on behalf of the signed-in user."",""adminConsentDisplayName"":""Access PoliteMail Internal Comms Integration"",""id"":""dcfe2d38-ebe2-44e3-b0ce-979f358e82e7"",""isEnabled"":true,""type"":""User"",""userConsentDescription"":""Allow the application to access PoliteMail Internal Comms Integration on your behalf."",""userConsentDisplayName"":""Access PoliteMail Internal Comms Integration"",""value"":""user_impersonation""}]",Application,null,[],[],"{""redirectUris"":[]}",WesternGovernorsUniversity.onmicrosoft.com,[],AzureADMyOrg,https://account.activedirectory.windowsazure.com:444/applications/default.aspx?metadata=customappsso|ISV9.1|primary|z
05226212-9721-4246-b245-65ec345d90db,[],null,null,28fccff4-2865-49e6-822d-735b97fc25b3,[],"{""logoUrl"":null,""marketingUrl"":null,""privacyStatementUrl"":null,""supportUrl"":null,""termsOfServiceUrl"":null}",null,[],[],null,Test (Power Virtual Agents),[],Application,null,[],[],"{""redirectUris"":[]}",WesternGovernorsUniversity.onmicrosoft.com,[],AzureADMultipleOrgs,null
